...		2
a2-bi2-a-bi-ih	PN	1
a2-bi2-lum-ma	PN	2
a2-i3-li2	PN	1
a2-li2-a2	PN	1
a2	N	2
a2-ni-a2	PN	1
a2-x-x	PN.GEN.ABS	1
a-ab-ba-ba-asz2-ti	PN	1
a-ab-ba-ka-ke4	N.GEN.ERG	1
a-ab-ba-ka	N.GEN	1
a-ab-ba-ka	N.L1	1
a-ab-ka-ka	N.GEN.L2-NH	1
a-a-kal-la	PN	7
a-a-kal-la	PN.GEN	1
a-al-{d}szu-{d}suen	SN.GEN	1
a-ar-ke4-esz2	TN	1
a-a-u4-su3-sze3	PN	1
a-a-zi-mu	PN.ABS	1
a-ba-{d}en-lil2-gin7	PN	2
a-ba-{d}nanna	N.DEM2.L1	1
a-ba	N.ABS	1
a-ba-sumun	ANT.MID.V.3-SG-S	1
ab-ba-gu-la	PN	1
ab-ba-iri	N	1
ab-ba-kal-la	PN	1
ab-ba	PN	2
ab-ba-x-x	PN.GEN.ABS	1
a-bi2-a-bi2-ih	PN	1
a-bi2-a	PN	1
a-bi2-a	PN.GEN.ABS	1
a-bi2-si2-im-ti	PN.GEN	1
a-bu-du10	PN	1
a-bu-du10	PN.GEN.ABS	1
abul	N	1
abzu	N	1
a-da-a	PN.GEN.ABS	1
adab{ki}	SN.GEN	1
adab{ki}	SN.GEN.ABS	5
adab{ki}	SN.GEN.ERG	1
a-da-lal3	PN	4
a-da-lal3	PN.ABS	1
a-dam-szah2{ki}	SN	1
a-da-na-ah	PN	1
ad-da-a	PN.GEN.ABS	1
ad-da-kal-la	PN	1
ad-da-ni-ir	N.3-SG-H-POSS.DAT-H	1
ad-us2	N.ABS	1
aga3-us2-gal-gal	N	1
aga3-us2-gal	N	3
aga3-us2	N	3
aga3-us2	N.GEN.ABS	1
agrig	N	1
agrig	N.GEN.ABS	1
a-gu	PN	1
a-gu-za	PN	1
a-ha-am-ar-szi	PN	1
a-ha-am-wa-qar	PN	1
a-hu-a	PN	2
a-hu-ba-ni	PN	1
a-hu-du10	PN	1
a-hu-ni	PN.GEN.ABS	1
a-hu-ra-ni	PN	1
a-kal-la	PN	1
alan-ba	N.DEM2.GEN	1
alan-na-ni	N.3-SG-H-POSS.ABS	1
a-li2-ni-su	PN	1
alim	N	1
al-ke4	PN.GEN.ERG	1
...-al{ki}	GN	1
al-la-mu	PN	1
al-la	PN	1
al-la	PN.GEN.ABS	1
al-...	PN	1
a-lu-a	PN	1
ama	N	1
ama-ni-ir	N.3-SG-H-POSS.DAT-H	1
amar	N	2
amar-su4	PN.GEN	1
amar-sumun	PN	1
amar-szuba3	PN	1
a	N	1
a	N.ABS	43
an	DN	1
an	N	1
an-na	DN.GEN	6
an-ne2	DN.ERG	2
an-nu-ni-tum	DN	1
an-sza4-an{ki}	SN	1
an-sza-an{ki}-na	SN.GEN.ABS	1
an-sze3	N.TERM	1
an-za	PN.GEN.ERG	1
a-pi-ak{ki}	SN.GEN	1
a-pi-la-sza	PN	1
a-pil-ki-in	RN	1
a-...	PN	1
ARAD2-da-ne2	N.3-SG-H-POSS.ERG	5
ARAD2-da-ni-e	N.3-SG-H-POSS.ERG	1
ARAD2-da-ni-ir	N.3-SG-H-POSS.DAT.H	22
ARAD2-da-ni	N.3-SG-H-POSS.DAT.H	1
ARAD2-da-ni	PN	3
ARAD2-{d}nanna	PN	9
ARAD2-hul3-la	PN	1
ARAD2	N	1
ARAD2	N.2-SG-POSS.ABS	2
ARAD2-x	PN.GEN.ABS	1
ARAD2-zu	N.2-SG-POSS.ABS	314
ARAD-zu	N.2-SG-POSS.ABS	1
ar-gi-bil-lu	N	1
ar-szi-ah	PN.GEN	1
asz2	N.ABS	1
asz2-nun-na{ki}-ka	Ešnunak.GEN	1
asz2-nun-na{ki}-ka	Ešnunak.GEN.ABS	1
a-sza3-bi	N.3-SG-NH-POSS.ABS	1
asz-a	NF.V.L1	1
asz-ni	NF.V.3-SG-H-POSS.L3-NH	1
a-ta2-kal2-szum	PN	1
a-ta	N.ABL	1
a-wa-al{ki}	SN	1
a-wa-an{ki}-ka	GN.GEN.L2-NH	1
azlag2	N.ABS	1
ba4-ba4-ti	PN	1
ba-a-a	PN	1
ba-ad-da-ri2	PN	1
ba-a-mu	PN.GEN.ABS	1
ba-ba-ra	PN	1
ba-ba-ti	PN	3
ba-ba-ti	PN.GEN	1
babila2{ki}-ka	SN.GEN.ABS	1
babila{ki}-ma	SN.GEN.GEN.ABS	1
babila{ki}	SN.GEN.ABS	1
|BAD3.AN|{ki}-ka	SN.GEN.ABS	1
|BAD3.AN|{ki}	SN	1
|BAD3.AN|{ki}	SN.GEN.ABS	3
bad3-ba	N.DEM2.GEN	1
bad3	N	4
bad3-x-mu	N.1-SG-POSS.ABS	1
ba-gara2-a	PN	1
ba-gara2-ka-ni	TN.GEN.3-SG-H-POSS.ABS	1
banda3{da}	NF.V	2
bara2	N.ABS	1
ba-ra-ba-ta-e3	MOD4.MID.ABL.V.3-SG-S	1
ba-ra-ge	NF.V.PF	1
bar	N.ABS	1
ba-szim-e{ki}	SN.GEN	1
be-la-at-suh(PAD)-ner	DN.ABS	1
be-li2-a-ri-ik	PN	2
be-li2-du10	PN	1
bi2-gi-in	3-NH.L2.3-SG-H-A.V.3-SG-P	1
bi2-ib2-sar-a	3-NH.L2.3-SG-NH-P.V.3-SG-A.SUB	1
bi2-ib2-sar-a	3-NH.L2.3-SG-NH-P.V.3-SG-A.SUB.ABS	1
bi2-ib2-sar-e-a	3-NH.L2.3-SG-NH-P.V.3-SG-A.SUB.GEN	1
bi2-ib2-ur3-a	3-NH.L2.3-SG-NH-P.V.3-SG-A.SUB	2
bi2-ib2-ur3-a	3-NH.L2.3-SG-NH-P.V.3-SG-A.SUB.ABS	1
bi2-ib2-ur3-re-a	3-NH.L2.3-SG-NH-P.V.3-SG-A.SUB	1
bi2-in-gi4	3-NH.L2.3-SG-H-A.V.3-SG-P	1
bi2-in-ur3	3-NH.L2.3-SG-H-P.V.3-SG-A.SUB.ABS	1
bi2-in-us2	3-NH.L3.3-SG-H-A.V.3-SG-P	1
bi2-silim	3-NH.L3.3-SG-H-A.V.3-SG-P	1
bi2-tam	3-NH.L2.3-SG-H-A.V.3-SG-P	1
bi-da-...		1
bur-ba	N.DEM2.GEN	1
bur-ma-ma	PN	1
bur	N	1
bu-u2-za-a	PN	1
da-a-a-...	PN	1
da-a-a-ti	PN	1
dab5-ba	N	1
da-da-a	PN	1
da-da-ga	PN	3
da-da-ga	PN.GEN.ABS	2
da-da	PN	9
da-da	PN.GEN.ABS	3
dagal-e-de3	NF.V.PF.DAT-NH	1
dam-a-ni-ir	N.3-SG-H-POSS.DAT-H	1
{d}amar-{d}suen-ka-ka	RN.GEN.L1	1
{d}amar-{d}suen-ka	RN.GEN.ABS	1
{d}amar-{d}suen-ke4	RN.GEN.ERG	2
{d}amar-{d}suen	RN	55
{d}amar-{d}suen	RN.GEN.ABS	2
dam-gar3-ke4	N.GEN.ERG	1
dam-gar3	N.GEN.ABS	1
dam	N	11
dam-ni	N.3-SG-H-POSS.ABS	1
dam-szi-lum-bi	N.3-SG-NH-POSS.ABS	2
da-na	N	1
dan-ni-a	PN	1
da-num2	PN	1
da-...	PN	1
da-ra-am-uri5{ki}-am	PN	1
da-ra-am-uri5{ki}	Taramurim.GEN.ABS	1
da-wa-a-x	PN	1
da-x-x-za-ti-da	PN	1
{d}ba-ba6	DN	3
{d}ba-ba6-eb2-gu-ul	PN	1
{d}ba-ba6-nin-am3	PN	1
{d}be-la-at-szer7-ba-an	DN	1
{d}dam-gal-nun-na	DN	1
{d}en-ki	DN	4
{d}en-ki	DN.GEN	1
{d}en-lil2-a2-mah	PN	1
{d}en-lil2-ba-ni	RN	1
{d}en-lil2-dingir-zu	PN.GEN.ABS	1
{d}en-lil2	DN	11
{d}en-lil2	DN.GEN	3
{d}en-lil2	DN.GEN.GEN.ABS	1
{d}en-lil2-ka	DN.GEN.GEN	11
{d}en-lil2-la2	DN.ERG	1
{d}en-lil2-la2	DN.GEN	26
{d}en-lil2-la2	DN.GEN.ABS	5
{d}en-lil2-la2	DN.GEN.GEN.ABS	1
{d}en-lil2-la2-ka	DN.GEN	1
{d}en-lil2-la2-ka	DN.GEN.ABS	1
{d}en-lil2-la2(ME)	DN.GEN	1
{d}en-lil2-la2	PN	1
{d}en-lil2-le	DN.ERG	26
{d}en-lil2-li	DN.ERG	1
...-{d}en-lil2	PN	1
{d}en-lil2-zi-sza3-gal2	PN	1
{d}en-nu-gi4	DN	1
{d}ga2-tum3-du10	DN	1
{d}gesztin-an-na	DN	1
di3-ma-at-{d}en-lil2-la2	SN.GEN	1
{d}i-bi2-{d}suen-ka-sze3	RN.GEN.TERM	1
{d}i-bi2-{d}suen	RN	78
{d}i-bi2-{d}suen	RN.ABS	1
{d}i-bi2-{d}suen	RN.GEN.TERM	1
{d}ig-alim	DN	1
di-ku5-da-ni	NF.V.3-SG-H-POSS	1
di-ku5	N	1
di-ku5	N.ABS	1
di-ku5	N.GEN.ABS	3
di	N	2
{d}inanna	DN	13
{d}inanna	DN.DAT-H	1
{d}inanna	DN.GEN	6
{d}inanna	DN.GEN.ABS	2
{d}inanna-ka	DN.GEN.GEN.ABS	1
{d}inanna-ka	PN.ABS	1
dingir-a-ni-ir	N.3-SG-H-POSS.DAT-H	1
dingir-a-ni	N.3-SG-H-POSS.DAT-H	1
dingir-ba-ni	PN	3
dingir-mah	DN	1
dingir-mu	N.1-SG-POSS	1
dingir-mu-ta2-bil	PN	1
dingir	N	23
dingir-ra-a-ni-ir	N.3-SG-H-POSS.DAT-H	1
dingir-ra-ni-ir	N.3-SG-H-POSS.DAT-H	3
dingir-ra-ni	N.3-SG-H-POSS.DAT-H	2
dingir-re-ne	N.PL.GEN	2
diri-tum	PN	2
{d}iszkur-illat	PN	1
{d}lamma-igi-du	PN	1
{d}lamma	N	3
{d}lugal-banda3{da}	DN	1
{d}mes-lam-ta-e3-a	DN	5
{d}mes-lam-ta-e3-a	DN.GEN	1
{d}mes-lam-ta-e3	DN	1
{d}nanna-a	DN.COM	1
{d}nanna-an-dul3	PN	1
{d}nanna-ar	DN.DAT-H	1
{d}nanna	DN	28
{d}nanna	DN.ABS	1
{d}nanna	DN.ERG	1
{d}nanna	DN.GEN	3
{d}nanna	DN.GEN.ABS	10
{d}nanna-gal-zu	PN	1
{d}nanna-gin7	DN.EQU	1
{d}nanna-gin7	DN.GEN.EQU	1
{d}nanna-gu2-gal	DN.ABS	1
{d}nanna-i3-sa6	PN	1
{d}nanna-i3-zi	PN.GEN.ABS	1
{d}nanna-ka	DN.GEN.L1	2
{d}nanna-ka	DN.GEN.L2-NH	1
{d}nanna-kam	PN	1
{d}nanna-ke4	DN.GEN.ERG	1
{d}nanna-ki-ag2	PN	2
{d}nanna-ku3-zu	PN	1
{d}nanna-lu2-du10	PN	1
{d}nanna-ma-ba	PN	2
{d}nanna-ma-ba	PN.GEN.ABS	1
{d}nanna-zi-sza3-gal2	PN	1
{d}nanna-zu	PN	1
{d}nansze	DN	2
{d}nansze	DN.GEN.ABS	2
{d}nansze	DN.GEN.DAT-H	1
{d}nansze-ka	DN.GEN.ERG	1
{d}nansze-ka-ke4	DN.GEN.GEN.ERG	1
{d}nansze-ke4	DN.GEN.ERG	1
{d}nimin-tab-ba	DN	1
{d}nin-a-zu	DN	1
{d}nin-dar-a	DN	1
{d}nin-{d}su4-an-na	DN	1
{d}nin-{d}su4-an-na	N.GEN	1
{d}nin-e2-gal	DN	1
{d}nin-gal	DN	4
{d}nin-gesz-zi-da	DN	2
{d}nin-gir2-su	DN	3
{d}nin-gir2-su-ka	DN.GEN	2
{d}nin-gubalag	DN	1
{d}nin-hur-sag	DN	5
{d}nin-iri-a-mu-tum2	DN	1
{d}nin-isin2{si}-na-ka-ke4	DN.GEN.ERG	1
{d}nin-ku3-nun-na	DN	1
{d}nin-lil2	DN	3
{d}nin-lil2-ke4	DN.ERG	1
{d}nin-lil2-zi-mu	PN	1
{d}nin-mar{ki}	DN	3
{d}nin-mar{ki}-ka	DN.GEN.ABS	1
{d}nin-mu2	DN	1
{d}nin	N	1
{d}nin-sun2	DN	3
{d}nin-sun2	DN.GEN.ABS	2
{d}nin-sun2-ka	DN.GEN	1
{d}nin-sza3-ge-pa3-da	DN	1
{d}nin-szubur	DN	2
{d}nin-szuszin	DN	1
{d}nin-szuszin{ki}-ra	DN.DAT-H	1
{d}nin-unu3-ka	DN.GEN.ABS	1
{d}nin-uri5{ki}-ma	DN	1
{d}nin-urta	DN	1
{d}nun-gal	DN	1
{d}nusku	DN	1
{d}sud3-da-ke4	DN.GEN.L3-NH	1
{d}suen-a-bi2	PN	2
{d}suen-ba-ni	PN	1
{d}suen-na-da	DN.GEN.COM	1
{d}szara2-a-mu	PN	1
{d}szara2	DN	5
{d}szara2	DN.GEN.ABS	2
{d}szara2-kam	PN	2
{d}szu-{d}suen-a-na-{d}suen-ta2-ki-il2	PN	1
{d}szu-{d}suen-i-ti2-ib-szi-na-at	PN	1
{d}szu-{d}suen	PN	1
{d}szu-{d}suen	RN	156
{d}szu-{d}suen	RN.GEN.ABS	2
{d}szu-{d}suen-si-sa2	PN	1
{d}szu-i3-li2-a	PN	1
{d}szul-gi-da-nir-gal2	PN.ABS	1
{d}szul-gi-{d}utu-szi	PN	1
{d}szul-gi-{d}utu-szi	SN.GEN.ABS	1
{d}szul-gi-ha-zi-ir	PN	1
{d}szul-gi-i3-li2	PN	5
{d}szul-gi-iri-mu	PN	2
{d}szul-gi-na-da	RN.GEN.ABS	1
{d}szul-gi	RN	114
{d}szul-gi	RN.GEN	2
{d}szul-gi	RN.GEN.ABS	6
{d}szul-gi-si2-im-ti	PN	2
{d}szul-gi-si2-im-tum-ma	PN.GEN.ABS	1
{d}szul-gi-si-im-tum	PN	1
{d}szul-gi-sipa-kalam-ma	PN	1
{d}szul-gi-sze3	RN.GEN.TERM	1
{d}szul-sza3-ga	DN	1
du10-ga	PN	1
du10-us2-sa2	N	1
du11-ga	NF.V.SUB	1
du11-ga	NF.V.SUB.GEN	1
du11-ga-ni	NF.V.SUB.3-SG-NH-POSS.ABS	1
du11-ga	PN.GEN.ABS	1
du11-ga-zi-da	PN	2
du3-a	NF.V.SUB	1
du8-du8-li2{ki}	GN	1
du8-hu-ba	NF.V.PF.3-SG-NH-POSS.X	1
dub-la2	TN	2
dub-sar-ke4	N.GEN.ERG	1
dub-sar-mah	N	1
dub-sar	N	120
dub-sar	N.ABS	31
dub-szen-e	N.L3-NH	1
dug	N	1
{d}ul-ma-szi-tum-ma	DN.GEN.ABS	1
dumu-munus-a-ni	N.3-SG-H-POSS.ABS	1
dumu-munus	N	5
dumu	N	238
dumu-ne2	N.3-SG-H-POSS.DAT-H	1
dumu	N.GEN	1
dumu-ni-im	N.3-SG-H-POSS.ABS	1
dumu-ni	N	1
dumu-ni	N.3-SG-H-POSS.ABS	3
dumu-ni	N.3-SG-H-POSS.ERG	1
dumu	PN.GEN.ABS	1
dumu-sag	N	5
dur9{ur3}-ka-ni	TN.3-SG-H-POSS.ABS	1
dur-an-ki-ka-ni	TN.3-SG-H-POSS.ABS	2
{d}utu	DN	2
{d}utu-GIR2@g-gal	PN	1
{d}utu-ma-ba	PN.GEN.ABS	1
{d}utu-ta	DN.GEN.ABL	2
e2-a-ba-ni	PN	1
e2-a-ni	N.3-SG-H-POSS.ABS	21
e2-a-ni-sza	PN	8
e2-a-ni-sza	PN.GEN.ABS	1
e2-a	N.L1	1
e2-an-na	TN.ABS	1
e2-an-na	TN.GEN	2
e2-bi	N.3-SG-NH-POSS.ABS	2
e2-gal-lim	PN.ABS	1
e2-gal	N	1
e2-gi4-a	N	1
e2-he2-gal2	PN	1
e2-ki-gal-la	PN.GEN.ABS	1
e2-kiszib3-ba	TN.L1	2
e2-kisz-nu-gal2-sze3	TN.TERM	1
e2-kur2-ra-ra	TN.GEN.DAT-H	1
e2-kur-ra-igi-gal2	TN	1
e2-kur-ra	N.GEN	1
e2-kur	TN	1
e2-ma-an-i3-li2	PN	1
e2-mah	TN	1
e2-mes-lam	TN	1
e2	N	52
e2	N.ABS	4
e2	NF.V	1
e2-ninnu	TN	1
e2-...	PN.GEN.ABS	1
e2-sikil	TN	1
e2-szu-tum	N	1
e2-temen-ni2-gur3-ni	TN.3-SG-H-POSS.ABS	1
e2-temen-ni2-gur3	TN	1
e2-u6-e	PN	1
e3-a	NF.V.SUB	1
e-ba	N.DEM2.GEN	1
e-bi	N.3-SG-NH-POSS	1
egir	N.ABS	1
emedu2	N	1
en-aga-zi-an-na	PN	1
en-bi	N.3-SG-NH-POSS.ABS	1
en-dingir-mu	PN	2
en-{d}nansze-ki-ag2	PN	1
en-erin2-nun	WN	1
engar	N	2
en-igi-ni-ib2-zu	PN.ABS	1
en-ku-li	PN.GEN.ABS	1
en-mah-gal-an-na	PN	1
en-me-zi-an-na	PN	4
en	N	13
en	N.ABS	1
en-nam-{d}szul-gi	PN	1
en-nir-zi-an-na	PN	1
en-nu-ga2-ba	N.GEN.DEM2.GEN	1
en-nu-ga2	N.GEN	2
en-nu-ke4	N.GEN.ERG	1
EN-...	PN	1
ensi2	N	78
ensi2	N.ABS	2
ensi2	N.GEN.ABS	2
en-uri3-gal	WN	1
er3-ra-...	PN.GEN.ABS	1
eridu{ki}-ga	Eridug.GEN.ABS	1
esz3-bur	TN	1
ezem	N	1
ga2-nun	N	1
gaba	N	1
ga-esz8	N	2
ga-lam	NF.V.ABS	1
gal-bi	NF.V.3-SG-NH-POSS.ABS	1
gal	NF.V	1
GAM-e-de3	NF.V.PF.DAT-NH	1
GAN2-am3	N.ABS.COP-3-SG	1
ga-na-na	PN	1
gar3-du	N.ABS	1
gar-sza-na{ki}	SN.GEN	1
ge6	NF.V	1
ge6-par4	N	1
ge6-par4	N.ABS	2
ge6-par4-ra-ka-ni	TN.GEN.3-SG-H-POSS.ABS	1
geme2-{d}nin-lil2-la2	PN	1
geme2-{d}suen	PN	1
geme2-gir2-nun	PN	1
geme2-ni	N.3-SG-H-POSS.ABS	1
{gesz}gu-za-ni-ta	N.3-SG-H-POSS.ABL	1
gesz-kesz2-ra2-a-ni	N.3-SG-H-POSS.ABS	1
{gesz}kiri6-mah	N	1
{gesz}szu-kar2-bi	N.ABS	2
gesztin	N.ABS	1
gi4	PN	1
gil-sa-asz	N.ADV	1
gil-sa-ka-ni	TN.3-SG-H-POSS.ABS	1
gil-sa	TN	1
gi-na	N	1
gi-na	NF.V.SUB.ABS	1
gi-ne2	NF.V.PF	1
gir2-la2	N	1
gir2-su{ki}-ka-ni	SN.GEN.3-SG-H-POSS.ABS	2
gi-ra-du	PN	1
giri3-ni-i3-sa6	PN	3
{gi}suhurx(KA)-ta	N.ABL	2
...	GN	1
gu2-du8-a{ki}	SN.GEN.ABS	2
gu2-gal	N	1
gu2-ne-sag-ga2	N.ABL	1
gu2-un	N	1
gu2-un-sze3	N.TERM	1
gu3-de2-a	PN.GEN.ABS	1
gu3-de2-a	RN	1
gudu4	N	5
gu-du-du	PN	2
gu-lum	N.2-SG-POSS.ABS	1
gun3-a-ba	NF.V.SUB.DEM2.GEN	1
gun3-a	NF.V.SUB	1
gur3	NF.V.L1	1
gur	N	1
gurun	N	1
gurusz-tur-ni	N.3-SG-H-POSS.ABS	1
gu-te-bu-um{ki}-ma	GN.GEN	1
ha-am3-zi2{ki}	SN	1
ha-asz2-ha-me-er	PN	1
ha-ba-da-gid2-de3	MOD1.MID.COM.V.3-SG-A	1
ha-ba-da-ku5-ne	MOD1.MID.3-SG-H.COM.V.3-PL-A	1
ha-ba-da-ku5-re6	MOD1.MID.3-SG-H.COM.V.3-SG-A	1
ha-ba-lu2-ge2	PN	1
ha-ba-lu5-ge2	PN	2
ha-ba-zalag	MOD1.MID-V11=1-SG-A.V.3-SG-P	1
ha-da-ak	MOD1.MID.3-SG-H-A.stem.3-SG-P	1
ha-la-ad-da	PN	1
ha-la-asz-ti	PN.GEN	1
ha-la-{d}ba-ba6	PN	1
ha-la-{d}lamma	PN	1
ha-li2-li2	PN	1
hal-li2-a	PN	1
ha-ma-ti	PN	1
ha-mu-na-ta-DU	MOD1.VEN.3-SG-H.DAT.3-SG-H-A.V.3-SG-P	1
ha-si2-is-E2-MUNUS-ke4	PN.ERG	1
ha-zi-...	PN	1
ha-zi	PN	1
he2-a	MOD1.FIN.COP.3-SG-S	3
he2-dab5	MOD1.FIN.V.3-SG-S	1
he2-eb2-pel2	MOD1.FIN.3-NH.L2-SYN.V.3-SG-S	1
he2-eb2-til-e	MOD1.FIN.3-SG-NH-P.V.3-SG-A	1
he2-eb2-til-le	MOD1.FIN.3-SG-NH-P.V.3-SG-A	1
he2-eb-til-le	MOD1.FIN.3-SG-NH-P.V.3-SG-A	1
he2-em-ta-tusz	MOD1.FIN.VEN.3-NH.ABL.V.3-SG-S	1
he2-en-gar	MOD1.FIN.3-SG-H.L2-SYN.V.3-SG-S	1
he2-en-sa6	MOD1.FIN.L1-SYN.V.3-SG-S	1
he2-in-ti-e	MOD1.FIN.3-SG-H-P.V.3-SG-A	1
he2-me-am3	MOD1.FIN.COP.3-SG-S.COP-3-SG	1
he2-mi-gi4	MOD1.VEN.3-NH.L3.1-SG-A.V.3-SG-S	1
he2-mi-na	MOD1.FIN.VEN.3-NH.L3.3-SG-H-A.V.3-SG-P	1
he2-na-ak	MOD1.FIN.3-SG-H.DAT.3-SG-H-A.V.3-SG-P	1
he2-na	MOD1.FIN.3-SG-H.DAT.COP.3-SG-S	1
he2-na	MOD1.FIN.COP.3-SG-S	1
he2-ni-dab5	MOD1.L1.1-SG-A.V.3-SG-P	1
he2-sa6-ge	PN.GEN.ABS	1
he2-ta-dag-dag-ge	MOD1.FIN.3-NH.ABL.3-SG-H-P.V.PF.3-SG-A	2
hi-a	NF.V.SUB.ABS	1
hi-li	N	1
hul2-la	NF.V.SUB	1
hu-la-al	PN	1
hul-	NF.V.ABS	1
hu-ma-an-zi	PN	1
hur-sag	N	1
hu-uh2-nu-ri{ki}	SN.ABS	1
hu-uh2-nu-ri{ki}	SN.GEN	1
hu-un-nu-du-uk	PN	1
hu-un-um	PN.GEN.ABS	1
i3-du8	N.GEN.ABS	3
i3-im-rig7-ga	FIN.3-SG-H.L3.3-SG-H-A.V.3-PL.SUB.L2-NH	1
i3-la2	L1.3-SG-H-A.V.3-SG-P	1
i3-li2-be-li2	PN	1
i3-li2-i-szar	PN	1
i3-li2-mi-di3	PN	1
i3-li2-mi	PN	1
i3-li2-...	PN	1
i3-li2-x-x	PN	1
i3-me-a-na-an-na	FIN.COP.3-SG-S.SUB.EXCEPT	1
i3-nun	N.ABS	2
i3-pa3	FIN.3-SG-H-A.V.3-SG-P	1
i3-ra2-ra2	N.ABS	2
i3-si-in{ki}-na	SN.GEN	1
i7-da	N.GEN	1
i7	N	5
i7	N.ABS	1
i7	WN	1
ib2-ku4-...	X	1
ib2-kur2-a	FIN.3-SG-NH-P.V.3-SG-A.SUB.X	1
ib2-su3-re6	FIN.3-SG-NH-P.V.3-SG-A	1
ib2-szi-ag2-ge26-a	FIN.3-NH.TERM.V.3-SG-A.SUB	1
i-bi2-{d}iszkur	PN	1
ib-ni-{d}iszkur	PN	1
id-da-a	PN	1
i-di3-a	PN.GEN.ABS	1
i-di3-{d}suen	PN.GEN.ABS	1
i-di3-er3-ra	PN.GEN.ABS	1
i-di3-...	PN.GEN.ABS	1
igi-an-na-ke4-zu	PN	2
igi-an-na-ke4-zu	PN.GEN.ABS	1
igi	N	1
ik-szu-dum	PN	1
i-la-ak-szu-qir	PN	1
i-lam-lam-mu-ma	PN.GEN.ERG	1
im-da-ab-su3-re6	FIN.VEN.3-NH.COM.3-SG-NH-P.V.3-SG-A	1
imin-bi	NF.V.3-NH-POSS.ABS	1
im-ma-szi-gar	FIN.VEN.MID.TERM.3-SG-H-A.V.3-SG-P	1
im-mi-dab6	FIN.VEN.3-NH.L3.3-SG-H-A.V.3-SG-P	1
in-da5-kur2-a	FIN.3-SG-H.COM.3-SG-NH-P.V.3-SG-A.SUB.ABS	1
in-da-gur-da	PN.ABS	1
in-du3-a	FIN.3-SG-H-A.V.3-SG-P.SUB.ABS	6
in-du3-a	FIN.3-SG-H-A.V.3-SG-P.SUB.ERG	1
in-du3-a	FIN.3-SG-H-A.V.3-SG-P.SUB.L1	1
in-dub-ba	N.GEN	1
inim-{d}szara2	PN	3
inim	N.ABS	2
in-ma-ni-pa3	3-NH.DAT.3-SG-H-A.pad.3-SG-P	1
in-na-an-ba	FIN.3-SG-H.DAT.3-SG-H-A.V.3-SG-P	1
in-na-ba	FIN.3-SG-H.DAT.3-SG-H-A.V.3-SG-P	26
in-na-ba	N.2-SG-POSS.ABS	1
in-pa3	FIN.3-SG-H-A.V.3-SG-P	11
in-zu-zu	PN.ABS	1
i-...	PN	1
iri{ki}-ni	N.3-SG-H-POSS.L3-NH	1
iri	N	1
iri-ni-da	N.3-SG-H-POSS.COM	1
iri-ni	N.3-SG-H-POSS.ERG	2
iri-sa12-rig7{ki}	SN.GEN.ABS	1
i-s,ur-dingir	PN	1
i-szar-be-li2	PN.GEN.ABS	1
iszib	N	1
i-szim-{d}szul-gi	PN	1
isz-ku-un-{d}suen{ki}	SN.GEN.ABS	1
isz-ku-un-e2-a	PN	1
isz-me-dingir	PN.GEN.ABS	1
iti-da	N.L1	1
it-ra-ak-i3-li2	PN	1
i-tur2-dingir	PN	3
i-tu-ri-a	PN	2
kad5(PAP)	NF.V	1
ka-guru7	N	1
ka-ku3-ga-ni	PN	1
ka-ku3	PN.GEN.ABS	1
kalam-ma-na-ka-sze3	N.3-SG-H-POSS.GEN.GEN.TERM	2
kalam-ma-na	N.3-SG-H-POSS.GEN	17
kalam-ma	N.GEN	5
kalam	N.ABS	1
kal-ga	NF.V.SUB	443
kal-ga	NF.V.SUB.ABS	4
kal-ga	SN.GEN	1
kal-ga-sze3	NF.V.SUB.GEN.TERM	1
kal-i3-li2	PN	2
kal-la-mu	PN	2
KA-...	PN	1
kar2-har{ki}	SN.GEN	1
kar-da{ki}-ka	GN.GEN	1
karkar{ki}	SN.ABS	1
kar-zi-da-a	SN.L1	2
kar-zi-da-ka-ni	SN.3-SG-H-POSS.ABS	1
kar-zi-da	SN.GEN	1
kas4	N	3
kas4	N.GEN	1
kaskal-la-ka-ni-ir	N.GEN.3-SG-H-POSS.ABS	1
kaskal-la-ka-ni-ir	N.GEN.3-SG-H-POSS.DAT-H	1
ka-zal-lu{ki}	SN.GEN.ABS	1
kesz2-ra2	N	1
kesz3{ki}	SN.GEN	1
ki-ag2-a-ni	NF.V.3-SG-H-POSS.ABS	2
ki-ag2-ga2-a-ni	NF.V.3-SG-H-POSS.ABS	1
ki-ag2-ga2-a-ni	NF.V.3-SG-H-POSS.DAT-H	1
ki-ag2-ga2-na-sze3	NF.V.3-SG-H-POSS.GEN.TERM	1
ki-ag2-ga2-ni-ir	NF.V.3-SG-H-POSS.DAT-H	8
ki-ag2-ga2-ni	NF.V.3-SG-H-POSS.ABS	24
ki-ag2-ga2-ni	NF.V.3-SG-H-POSS.ERG	2
ki-ag2	NF.V	50
ki-ag2-ni	NF.V.3-SG-H-POSS.ABS	3
ki-be2	N.3-SG-NH-POSS.L3-NH	5
ki-en-gi	GN	79
...{ki}	GN	1
ki-gub-ba-bi	N.3-SG-NH-POSS.ABS	1
ki-gub-ba-bi	NF.V.SUB.3-SG-NH-POSS.COM	1
ki-gub-bi-sze3	NF.V.SUB.3-SG-NH-POSS.TERM	1
kikken2	N.GEN.GEN.ABS	1
ki-masz{ki}	GN	1
ki	N	7
ki	N.ABS	1
kin	NF.V	1
ki-ra	N.GEN.DAT-H	1
ki-sar-a	N.L2-NH	1
ki-sar-ra	N.L2-NH	1
ki-sur-ra-kam	N.GEN.ABS.COP-3-SG	1
ki-sur-ra	N	1
kisz{ki}	SN.GEN.ABS	1
ki-szu-tag	N	1
ki-tusz	N	1
ki-uri	GN.GEN	4
ki-uri	GN.GEN.ABS	4
ki-uri-...	GN.GEN.ERG	1
ki-uri	GN.GEN.ERG	1
ki-uri-ka-sze3	GN.GEN.GEN.TERM	7
ki-uri-ke4	GN.GEN.ERG	58
ki-uri{ki}	GN.GEN.ERG	1
ki-uri-x	GN.GEN.ABS	1
ku3-babbar	N	1
ku3-{d}nanna	PN	4
ku3-{d}nin-gal	PN	1
ku3-gal	N	1
ku3-ga-ni	TN.3-SG-H-POSS.ABS	1
ku3-ge	NF.V.L3-NH	1
ku3	NF.V	1
ku3-sig17	N	2
ku5-da-a	PN.GEN.ABS	1
ku-ba-tum	PN	1
ku-da-num2	PN	1
ku-li	PN	1
kun-bi	N.3-SG-NH-POSS.ABS	1
kur2-ra-a2-gal2	PN	1
kur-bi-la-ak	PN.GEN.ABS	1
kur-kur-ra	N-RDP.GEN	9
kurunx(|DIN.BI|)-a-gal	N	1
kurunx(|DIN.KASZ|)-a-gal	N	1
kuruszda	N	1
kuruszda	N.GEN.ABS	8
la2-a	NF.V.SUB	1
lagasz{ki}-ka-ke4	SN.GEN.GEN.ERG	3
lagasz{ki}-ka-sze3	SN.GEN.GEN.TERM	1
lagasz{ki}-ke4	SN.GEN.ERG	3
lagasz{ki}	SN.GEN.ABS	8
lagasz{ki}	SN.GEN.ERG	2
lal3	N.ABS	1
la-lu5	PN.GEN	1
la-ni-a	PN.GEN.ABS	1
la-ni	PN	1
li-bur-{d}suen	PN	1
limmu2-ba-ka-sze3	NF.V.3-SG-NH-POSS.GEN.GEN.TERM	8
limmu2-ba-ke4	NF.V.3-SG-NH-POSS.GEN.ABS	3
limmu2-ba-ke4	NF.V.3-SG-NH-POSS.GEN.ERG	52
limmu2-ba	NF.V.3-SG-NH-POSS.GEN	12
limmu2-ba	NF.V.3-SG-NH-POSS.GEN.ABS	212
limmu2-ba	NF.V.3-SG-NH-POSS.GEN.DAT-H	1
limmu2-ba	NF.V.3-SG-NH-POSS.GEN.ERG	6
limmu2-ba-sze3	NF.V.3-SG-NH-POSS.GEN.TERM	2
limmu-ba-ka-sze3	NF.V.3-SG-NH-POSS.GEN.GEN.TERM	1
li-sza-num2	PN	1
lu2-a2-gal2-la	PN.GEN.ABS	1
lu2-a-da-...	PN	1
lu2-ama-na	PN	1
lu2-bala-sa6-ga	PN	1
lu2-banda3{da}	PN	1
lu2-{d}ba-ba6	PN	1
lu2-{d}ba-ba6	PN.GEN.ABS	2
lu2-{d}en-lil2-la2	PN	2
lu2-{d}ig-alim	PN	1
lu2-{d}inanna	PN	1
lu2-dingir-ra	PN	3
lu2-dingir-ra	PN.GEN.ABS	1
lu2-{d}namma	PN	1
lu2-{d}nanna	PN	8
lu2-{d}nanna	PN.GEN.ABS	2
lu2-{d}na-ru2-a	PN	1
lu2-{d}nin-dar-a	PN.GEN	1
lu2-{d}nin-gesz-zi-da	PN.GEN.ABS	1
lu2-{d}nin-gir2-su	PN	5
lu2-{d}nin-isin2{si-na}	PN	1
lu2-{d}nin-...	PN	1
lu2-{d}nin-szubur	PN	5
lu2-{d}nin-szubur	PN.GEN.ABS	2
lu2-{d}...	PN	1
lu2-{d}suen	PN	3
lu2-{d}suen	PN.GEN.ABS	1
lu2-{d}szara2	PN	1
lu2-{d}szu-{d}suen-ka	PN	1
lu2-{d}szul-gi-ra	PN	1
lu2-du10-ga	PN	2
lu2-du10-ga	PN.GEN.ABS	1
lu2-du10-x	PN.GEN.ABS	1
lu2-{d}utu	PN	1
lu2-{d}utu	PN.GEN.ABS	1
lu2-{d}x-KA	PN.GEN.ABS	1
lu2-erim2	N	1
lu2-gi-na	PN	1
lu2-giri17-zal	PN	9
lu2-gu-la	PN	1
lu2-kal-la	PN.GEN.ABS	1
lu2-mah	N	1
lu2	N	20
lu2	N.ABS	2
lu2-nimgir-ke4	PN.ERG	1
lu2-...	PN	3
lu2-sa6-i3-zu	PN	1
lu2-sza-lim	PN	1
lu2-uru11{ki}	PN	1
lu2-usz-gi-na	PN	1
lu2-x-x	PN	1
lugal-a2-zi-da	PN	1
lugal-a2-zi-da	PN.GEN.ABS	1
lugal-amar-ku3	PN	2
lugal-a-ni-ir	N.3-SG-H-POSS.DAT-H	12
lugal-a-ni	N.3-SG-H-POSS.DAT-H	40
lugal-an-ne2	PN.ABS	1
lugal-dalla	PN	1
lugal-dumu-gi7	PN	1
lugal-dur2-gar-re	PN	1
lugal-engar-du10	PN	4
lugal-ezem	PN	2
lugal-ga2-ta	N.1-SG-POSS.GEN.ABL	1
lugal-gub-ba-ni	PN.GEN.ABS	1
lugal-inim-gi-na	PN	2
lugal-inim-gi-na	PN.GEN.ABS	1
lugal-iti-da	PN	4
lugal-ka	N.GEN	1
lugal-ka	N.GEN.GEN.ABS	4
lugal-ku3-zu	PN	3
lugal-ma2-gur8-re	PN	4
lugal-mah-...	PN	1
lugal-me3-a	PN	1
lugal-me-lam2	PN	5
lugal-mu	N.1-SG-POSS.ERG	1
lugal	N	1110
lugal	N.1-SG-POSS	1
lugal	N.ABS	1
lugal	N.GEN	7
lugal	N.GEN.ABS	11
lugal	N.GEN.GEN.ABS	2
lugal-ni-ir	N.3-SG-H-POSS.DAT-H	1
lugal-nir-gal2	PN	1
lugal-...	PN	3
lugal-sza3-ga	PN	1
lugal-sza3-la2-sze3	PN	1
lugal-ur2-ra-ni	PN.GEN.ABS	1
lugal-uszumgal	PN.GEN.ABS	1
lukur-gal	N	1
lukur	N	12
lukur-ra-ni	N.3-SG-H-POSS.ERG	1
lunga	N.GEN.ABS	2
ma2-gan	GN.ABS	1
ma2-gan-na	GN	1
ma2-lah5	N.ABS	1
ma2	N	3
ma-da	N	6
ma-da	N-RDP	1
ma-gan{ki}-na	GN.GEN	1
mah	NF.V	1
ma-me-tum	PN	1
ma-na	N.ABS	8
ma-num2-ki-{d}szul-gi	PN	1
ma-nu-um-ki-{d}szul-gi	PN.GEN.ABS	1
mar2-da{ki}	SN.GEN.GEN.ABS	1
mar-ha-szi{ki}-ta	GN.ABL	1
ma-ri2{ki}-ka	SN.GEN.GEN	1
mar-uru5	N	1
masz2	N	1
masz2-szu-gid2-de3-ne	N.PL.GEN.ABS	1
masz2-szu-gid2-gid2-de3-ne	N.PL.GEN.ABS	1
masz2-szu-gid2-gid2	N.ABS	1
masz-gu-la	PN	1
ma-szum	PN	1
ma-szum	PN.ABS	1
me3	N.GEN	1
me-{d}en-lil2	PN.ABS	1
me-{d}isztaran	PN	1
me-luh-ha{ki}	GN.GEN	1
min-a-bi	NF.V.SUB.3-SG-NH-POSS	1
mi-ni-in-dab5-ba-a	VEN.L1.3-SG-H-A.V.3-SG-P.SUB.L1	1
mu10	N.ABS	1
mu-ba-al	VEN.3-SG-H-A.V.3-SG-P	1
mu-bi-im	N.3-SG-NH-POSS.ABS.COP-3-SG	4
mu-bi	N.3-SG-NH-POSS.ABS.COP-3-SG	2
mu-dim2	VEN.3-SG-H-A.V.3-SG-P	2
mu-du2	VEN.3-SG-H-A.V.3-SG-P	1
mu-du3-a	VEN.3-SG-H-A.V.3-SG-P.SUB.L1	2
mu-du3	VEN.3-SG-H-A.V.3-SG-P	2
muhaldim-gal	N	1
muhaldim	N	5
muhaldim	N.ABS	2
muhaldim	N.GEN.ABS	3
mu-hul-a	VEN.3-SG-H-A.V.3-SG-P.SUB.L1	2
mu-na-ab-tum2-ma-ni	VEN.3-SG-NH-A.V.3-SG-P.SUB.3-SG-H-POSS.X	1
mu-na-ak-a	VEN.3-SG-H.DAT.3-SG-H-A.V.3-SG-P.SUB.L1	2
mu-na-an-dim2	VEN.3-SG-H.DAT.3-SG-H-A.V.3-SG-P	2
mu-na-an-du3	VEN.3-SG-H.DAT.3-SG-H-A.V.3-SG-P	3
mu-na-an-e3	VEN.3-SG-H.DAT.3-SG-H-A.V.3-SG-P	1
mu-na-an-gub	VEN.3-SG-H.DAT.3-SG-H-A.gub.3-SG-P	1
mu-na-ba-al	VEN.3-SG-H.DAT.3-SG-H-A.V.3-SG-P	4
mu	N.ABS	12
mu-na-dim2	VEN.3-SG-H.DAT.3-SG-H-A.V.3-SG-P	3
mu-na-du3-a	VEN.3-SG-H.DAT.3-SG-H-A.V.3-SG-P.SUB.L1	1
mu-na-du3	VEN.3-SG-H.DAT.3-SG-H-A.V.3-SG-P	58
mu-na-e3	VEN.3-SG-H.DAT.3-SG-H-A.V.3-SG-P	1
mu-na-gi4-a	VEN.3-SG-H.DAT.3-SG-H-A.V.3-SG-P.SUB.L1	1
mu-na-gi4	VEN.3-SG-H.DAT.3-SG-H-A.V.3-SG-P	4
mu-na-gi-in	VEN.3-SG-H.DAT.3-SG-H-A.gin.3-SG-P	8
mu-na-gub	VEN.3-SG-H.DAT.3-SG-H-A.gub.3-SG-P	1
mu-na-ni-du11	VEN.3-SG-H.DAT.L1.3-SG-H-A.V.3-SG-P	1
mu-na-ni-gar	VEN.3-SG-H.DAT.L1.3-SG-H-A.V.3-SG-P	1
mu-na-ru	VEN.3-SG-H.DAT.3-SG-H-A.V.3-SG-P	42
mu-na-szum2-mu-usz-a-ba	VEN.3-SG-H.DAT.3-SG-H-A.V.3-PL.SUB.DEM2.L1	1
mu-ni-gi4	VEN.3-SG-H.L2.3-SG-H-A.V.3-SG-P	2
mu-ni	N.3-SG-H-POSS.ABS	3
munus-gil-sa	TN.GEN	1
munus	N	1
...-mu	PN	1
murgu	N	1
mu-sar-ra-ba	N.3-SG-NH-POSS.L2-NH	4
mu-sar-ra-bi	N.3-SG-NH-POSS	1
mu-sar-ra-na	N.3-SG-H-POSS.L2-NH	1
musz-ba	N.DEM2.L1	1
musz	N	1
musz	N.ABS	1
mu-un-gur2	VEN.3-SG-H-A.V.3-SG-P	1
mu-un-na-ni-in-ku4	VEN.3-SG-H.DAT.L1.3-SG-H-A.V.3-SG-P	1
mu-un-tum2-ma-na	VEN.3-SG-H-A.V.3-SG-P.SUB.3-SG-H-POSS.GEN	1
...	N	2
na-gab2-tum	N.GEN.ABS	1
nam-dumu-ka-ni-ir	N.GEN.3-SG-H-POSS.DAT-H	1
na-me	PN	1
nam-ga-esz8	N.ABS	1
nam-gal	N	1
nam-ha-ni	PN	1
nam-ha-ni	PN.GEN.ABS	1
nam-ha-ni	RN	1
nam-lugal	N	1
nam-mah-{d}ba-ba6	PN	1
nam-mah-ni-du10	PN	1
nam-mah	PN	1
nam-munus-ka-ni	N.GEN.3-SG-H-POSS.ABS	1
nam	N.ABS	2
nam-nun-na	N.GEN.ABS	1
nam-ra-asz	N.ADV	3
nam-sipa	N	1
nam-ti-{d}szul-gi	N	1
nam-ti-il	N.ABS	2
nam-ti-la-ni-sze3	N.3-SG-H-POSS.TERM	26
nam-ti	N	32
nam-ti	N.ABS	1
nam-ti-NI	N	1
na-mu	PN.GEN.ABS	1
nam-zi-tar-ra	PN	3
na-ra-am-i3-li2	PN	4
na-sa6-ga	PN.GEN.ABS	1
na-sa6	PN	1
na-sa6	PN.GEN.ABS	1
na-silim	PN	3
na-we-er-dingir	PN	1
na-zi-da	PN	1
NE-ESZ2	RN	1
...	N.GEN.ABS	1
ni2	N.ABS	1
nibru{ki}-a	N	1
nibru{ki}-a	SN.L1	10
nibru{ki}-ka-ke4	SN.GEN.GEN.ERG	2
nibru{ki}-ka-ni	SN.GEN.3-SG-H-POSS.ABS	1
nibru{ki}-ka	SN.GEN.GEN.ABS	5
nibru{ki}	SN	1
nibru{ki}	SN.GEN	7
nibru{ki}	SN.GEN.ABS	8
nibru{ki}	SN.GEN.GEN.ABS	1
nidba-ka-ni	N.GEN.3-SG-H-POSS.ABS	2
nig2-du11-ga-ni	PN	1
nig2-gig-ga-ni	N.3-SG-H-POSS.ABS	2
nig2-gi-na	N	1
nig2-gi-na-ni-sze3	N.3-SG-H-POSS.TERM	1
nig2-gur11-ra	N.GEN.L1	1
nig2-hul-dim2-ma	N.ABS	1
nig2-kal-la	PN	2
nig2	N	1
nig2-ra2	N	1
nig2-si-sa2-ni-sze3	N.3-SG-H-POSS.TERM	1
nig2-u2-rum	PN	2
nig2-u2-rum	PN.GEN	1
nig2-ul-li2-a-ke4	NF.V.SUB.GEN.L3-NH	1
niga-ke4	NF.V.GEN.ERG	1
nigar{gar}-ki-du10	PN.GEN.ABS	1
NI-HI{ki}	SN.GEN	1
ni-mu	PN.GEN.ABS	1
nin9-he2-li2-a	PN	1
nin9-hi-li2-a	PN	1
nin9-kal-la	PN	2
nin9	N	1
nin-a-ni-ir	N.3-SG-H-POSS.DAT-H	7
nin-a-ni	N.3-SG-H-POSS.DAT-H	39
nin-dingir	N	2
nin-e2-an-na	TN.GEN	1
nin-kisal-sze3	PN	1
nin-mu	N.1-SG-POSS	1
nin	N	13
nin-na-ni	N.3-SG-H-POSS.DAT-H	1
nin-tur-tur-mu	PN	1
nir-gal2	NF.V	3
nita2	N	1
nita-kal-ga	NF.V.SUB	1
nita	N	208
nu-banda3	N	7
nu-banda3	N.ABS	3
nu-banda3	N.GEN.ABS	5
nu-banda	N.ABS	1
nu-du3-am3	NEG.V.3-SG-S.SUB.COP-3-SG	2
nu-e3	NEG.NF.V.GEN	1
nu-esz3	N	3
nu-{gesz}kiri6	N	1
nu-kiri6	N.ERG	1
nu-ku4-ku4	NEG.NF.V.PF.PF.ABS	1
numun-a-ni	N.3-SG-H-POSS.ABS	1
numun-na-ni	N.3-SG-H-POSS.ABS	2
nun	N	1
nun-na	GN.GEN	2
nu-silig-ge	NEG.NF.V.PF.ABS	1
nu-til-le-dam	nu.NF.V.ed.COP-3-SG	1
nu-tum2-mu-de3	NEG.NF.V.PF.DAT-NH	1
nu-ub-da-ab-kur2-re-a	NEG.3-NH.COM.3-SG-NH-P.V.3-SG-A.SUB.ABS	1
nu-ub-szi-ib2-gi4-gi4-a	NEG.3-NH.TERM.3-SG-NH-P.V.PF.3-SG-A.SUB.ABS	1
nu-un-ti-am3	NEG.L1-SYN.V.3-SG-S.SUB.COP-3-SG	1
nu-ur2-a-a	PN	1
nu-ur2-{d}iszkur	PN	3
nu-ur2-{d}suen	PN	2
nu-ur2-{d}szul-gi	PN	1
nu-ur2-{d}utu	PN	2
nu-ur2-esz18-dar	PN	1
pa3-da	FIN.3-SG-H-A.V.3-SG-P	1
pa3-da	NF.V.SUB	13
|PA.|	N	3
pa	N.ABS	3
pap-lal3	PN	1
pesz	N.ABS	1
pi5-sza-ah-dingir	PN	1
...	PN.GEN.ABS	1
pu3-u2-du	PN.GEN.ABS	1
pu-us2{ki}-ka	SN.GEN.GEN.ABS	1
puzur4-{d}en-lil2-la2	PN	1
puzur4-{d}en-lil2	PN	1
puzur4-{d}en-lil2	PN.ABS	1
puzur4-{d}suen	PN.ABS	1
puzur4-{d}szul-gi	PN	1
puzur4-esz18-dar	PN	1
puzur4-i3-li2	PN	1
puzur4-...	PN	1
ra2-gaba	N	2
ra2-gaba	N.3-SG-H-POSS.ABS	1
ra2-gaba	N.ABS	17
ri-is,-dingir	PN.ABS	1
...	RN	2
sa12-du5	N	3
sa12-du5	N.ABS	1
sa2-du11-sze3	N.TERM	1
sa6-ga	NF.V.SUB	1
sa-bar-a-ni	sabar.ani	1
sa-bu-um{ki}	SN	1
sa-bu-um{ki}	SN.DEM2.COM	1
sa-bu-um{}	SN	1
sag-{d}en-lil2-la2	PN	1
sag-{d}nanna-zu	PN	1
sagi-gal	N	1
sagi-mah	N	2
sagi	N	6
sagi	N.ABS	6
sagi	N.GEN.ABS	2
sag-ki-ni	N.3-SG-H-POSS.ABS	1
sag	N	1
sag-...	NF.V	1
sag-sze3	N.TERM	1
sag-us2	N.ABS	1
sag-us2	NF.V	11
sahar-ra	N.L1	1
sal-hu-ba	N.ABS	1
sa	N.ABS	1
sanga	N	5
s,e-lu-usz-{d}da-gan	PN	3
sig7-ga-gin7	NF.V.SUB.EQU	1
sig-nim	NF.V	1
sikil-la	NF.V.L2-NH	1
sila3	N	1
si-mu-ru-um{ki}-ma	SN.GEN	1
si-mu-ru-um{ki}-ma	SN.GEN.ABS	1
si-mu-ru-um{ki}	SN.GEN.ABS	1
si	N.ABS	1
sipa-{d}nin-gir2-su-ke4-i3-pa3	PN	1
sipa	N	6
siskur2-ra-ka-na	N.GEN.3-SG-H-POSS.L1	1
su3-du-ag2	N.ABS	1
sug	N	1
sug	N.ABS	1
sukkal-mah	N	7
sukkal-mah	N.GEN.ABS	3
sukkal	N	15
sukkal	N.ABS	3
sukkal	N.GEN	1
sukkal	N.GEN.ABS	2
sza13-dub-ba-ka	N.GEN.N5.ABS	1
sza13-dub-ba	N	5
sza13-dub-ba	N.ABS	1
sza13-dub-ba	N.GEN.N5.ABS	1
sza3-bi-...	PN	1
sza3-ga-na	N.3-SG-H-POSS.L1	12
sza3-ga-ne2	N.3-SG-H-POSS.X	1
sza3-ge-pa3-da	TN	1
sza3	N	1
sza3	N.ABS	1
sza3-tam	N	1
sza3-tam	N.ABS	3
sza-at-{d}suen	PN	4
szabra-e2	N	1
szabra	N	3
szabra	N.ABS	2
szabra	NN5=GEN.ABS	1
szaga-a	V.L1	2
szagan	N	1
szagina	N	18
szagina	N.GEN.abs	1
szandana	N	3
szar2-ra-ab-du	N.GEN.ABS	1
szar-ru-um-ba-ni	PN	2
sze-er-ga-an	N.ABS	1
szeg3	V	1
sze	N	1
szennux(|ME.AD.KU3|)	N	4
szesz-a-ni	PN	1
szesz-kal-la	PN	1
szesz-kal-la	PN.GEN.ABS	3
szesz	N	2
szid	N.ABS	1
szi-masz-gi5{ki}		1
szimaszgi	EN	1
szimaszki{ki}-ka	EN.GEN.GEN.ABS	1
szi-pa-ra{ki}	GN.ABS	1
szub-ba	NF.V.SUB.ABS	1
szu-{d}adad	PN	1
szu-{d}en-lil2	PN	1
szu-{d}iszkur	PN	2
szu-{d}suen	RN	1
szu-{d}szul-gi	PN	1
szu-{d}x-...	PN	1
szu-er3-ra	PN	6
szu-esz18-dar	PN	1
szu-gur-tum	PN	1
szu-i3-li2	PN.GEN.ABS	1
szu-i3-li	PN	1
szu-i	N.ABS	4
szu-kab-ta2	PN	1
szu-ku-bu-um	PN	2
szuku	N	1
szuku-ra-ke4	N	1
szul-gi	RN	29
szul-gi	RN.GEN.ABS	1
szul-gi-sze3	RN.GEN.TERM	1
szu-mu	N.1-SG-POSS.ABL	1
szu	N.ABS	6
szu-na	N	1
szu-na	N.3-SG-H-POSS.L2-NH	2
szu-ni-...	PN	1
szuruppak{ki}	SN.GEN	2
szuruppak{ki}	SN.GEN.ABS	1
szusz3	N	2
szusz3	N.GEN.ABS	3
szuszin{ki}-na	SN.GEN	1
szuszin{ki}	SN	1
szuszin{ki}	SN.ABS	1
szuszin{ki}	SN.GEN.ABS	1
ta2-di3-in-{d}inanna	PN	1
ta2-hi-isz-a-tal	PN	1
tar-sir2-sir2-ra	SN.GEN	1
temen-be2	N.3-SG-NH-POSS.DAT-NH	1
temen-ni2-gur3	TN	1
ti-e2-mah-ta	PN	1
ti-ru	PN	1
ti-ti	NF.V.RDP	1
tu5-a	NF.V.SUB	1
tu-da	NF.V.SUB	1
tukum-bi	CNJ	1
tu-li2-id-{d}utu-szi	PN	1
tu-li-id-{d}utu-szi	PN	1
tu-ra-am-{d}da-gan	PN	1
u2-la-i3-li2-isz	PN	1
u2-na-ab-sze-en6	PN.GEN.ABS	2
u2-na-ab-sze-en	PN.GEN.ABS	1
u2-tul2-e2-a	PN	1
u2-u2	PN.GEN.ERG	1
u3	CNJ	19
u3-da-li	PN	1
u3-ma-ni	PN	1
u3-un-du3	ANT.3-SG-H-A.V.3-SG-P	1
u4-ba	N.DEM2.L1	1
u4-gin7	N.EQU	1
u4	N	11
u4	N.ABS	1
u6-di-kalam-ma	N.GEN	1
u6-di	N.ABS	1
u6-nir-x	N.X	1
u-bar	PN	1
ub-da	N	296
ub-ta-e3	ANT.3-NH.ABL.3-SG-H-A.V.3-SG-P	1
udu	N	2
ug3-ga2-na	N.3-SG-H-POSS.L2-NH	1
ug3-IL2	PN	1
ug-ti-ke4	TN.GEN.ERG	1
ugula-gesz2-da	NF.V.GEN.ABS	1
ugula	N	8
u-ku-il-ni	N.2-SG-POSS.ABS	1
ul-li2-a-ta	NF.V.SUB.ABL	2
umma{ki}-ka	SN.GEN.GEN.ABS	1
umma{ki}	SN.GEN.ABS	8
um-mi-du10	PN.ABS	1
un-gal	N	1
unu{ki}-ga	SN.GEN	6
unu{ki}-ga	SN.GEN.ABS	1
ur2-ra-...	PN	1
ur3-re-ba-ab-du7	PN	1
ur5-ta	IP.ABL	1
ur-ab-ba-dingir-ra	PN.GEN.ABS	1
ur-an-ne2	PN	1
ur-bi2-lum{ki}	SN.GEN	1
ur-{d}{asz}aszgi{gi4}	PN	5
ur-{d}ba-ba6	PN	5
ur-{d}ba-ba6	PN.ABS	1
ur-{d}ba-ba6	PN.GEN.ABS	1
ur-{d}da-mu	PN.GEN.ABS	1
ur-{d}dumu-zi-da	PN.GEN.ABS	3
ur-{d}dumu-zi-da	PN.N5	1
ur-{d}en-ki	PN	1
ur-{d}en-lil2-la2	PN	2
ur-{d}ha-ia3	PN.GEN.ABS	4
ur-{d}hendur-sag	PN	2
ur-{d}ig-alim	PN	2
ur-dingir-ra	PN	1
ur-{d}iszkur	PN	1
ur-{d}isztaran	PN.GEN.ABS	1
ur-{d}lamma	PN	5
ur-{d}lamma	PN.GEN.ABS	1
ur-{d}li9-si4	PN	3
ur-{d}lugal-edin-ka	PN	1
ur-{d}namma-ke4	RN.DAT-H	1
ur-{d}namma	RN	44
ur-{d}namma	RN.DAT-H	1
ur-{d}nanibgal2	PN	1
ur-{d}nanibgal	PN	6
ur-{d}nansze	PN	3
ur-{d}nin-bara2	PN.GEN.ABS	1
ur-{d}nin-gesz-zi-da	PN.GEN.ABS	1
ur-{d}nin-gir2-su	PN	5
ur-{d}nin-mar{ki}	PN	3
ur-{d}nin-tu	PN	1
ur-{d}nun-gal	PN	1
ur-{d}...	PN.GEN.ABS	1
ur-{d}suen	PN	4
ur-{d}szara2	PN	1
ur-{d}szul-gi-ra	PN	1
ur-{d}szul-pa-e3	PN	10
ur-{d}szul-pa-e3	PN.GEN.ABS	1
ur-dub-la2-mah	PN	1
ur-{d}utu	PN.GEN	1
ur-e11-e	PN.GEN.ABS	2
ur-e2-an-na	PN	1
ur-e2-babbar2	PN.GEN.ABS	1
ur-e2-ninnu	PN	1
ur-e2-ninnu	PN.GEN.ABS	1
ur-esz3-bar-ra	PN.GEN.ABS	1
ur-ga2-gi4-a	PN	1
ur-{gesz}gigir	PN	3
ur-gi7	N.GEN	1
ur-gi7-ra	N.GEN.ABS	1
ur-gu-la-mu	PN	1
uri2{ki}-ma	SN.GEN	1
uri5{ki}-e	SN.L3-NH	1
uri5{ki}-ki-du10	PN	3
uri5{ki}-ma-ka	SN.GEN.GEN.ABS	1
uri5{ki}-ma-ka-sze3	SN.GEN.GEN.TERM	6
uri5{ki}-ma-ke4	SN.GEN.ERG	10
uri5{ki}-ma	N.GEN	1
uri5{ki}-ma	SN.GEN	394
uri5{ki}-ma	SN.GEN.ABS	58
uri5{ki}-ma	SN.GEN.DAT-H	1
uri5{ki}-ma	SN.GEN.ERG	2
uri5{ki}-ma	SN.GEN.GEN.ABS	2
uri5{ki}-ma	SN.GEN.GEN.TERM	1
uri5{ki}-ma	SN.L1	2
uri5{ki}	SN.ABS	1
uri5{ki}	SN.GEN.ABS	1
uri	GN.GEN.ABS	1
uri{ki}-ma	SN.GEN	1
ur-ki-gu-la	PN.GEN.ABS	1
ur-kisal	PN	1
ur-ku3-nun-na	PN	6
ur-ku	PN.GEN	1
ur-lugal	PN.GEN.ABS	1
ur-me-me	PN	3
ur-mes	PN	4
ur-mes	PN.GEN.ABS	1
ur-mu	PN	1
ur	N	2
ur-...	N.GEN.ABS	1
ur-nigar{gar}	PN	7
ur-nigar-mu	PN	1
ur-pa4-mu-ra	PN	1
ur-...	PN	1
ur-...	PN.GEN.ABS	4
ur-sa6-ga-mu	PN	2
ur-sa6-ga	PN	3
ur-sa6-ga	PN.GEN.ABS	2
ur-sag	N	3
ur-si-gar	PN	1
ur-szu-ga-lam-ma	PN.GEN.ABS	1
ur-szu-zi-an-ka	PN	1
ur-tesz2	PN.GEN.ABS	1
uru11{ki}	SN.GEN.ABS	1
uru16	NF.V	2
urua	N.L1	1
usz-mu	PN	1
usz	N	1
usz-sa6-ga	PN	1
...-x-a	PN	1
x-a	VEN.3-SG-H-A.V.3-SG-P.SUB.L1	1
x-ba	N.DEM2.X	1
x-da-x	PN	1
x-gu	PN.GEN.ABS	1
x{ki}	GN	1
x-ku-bu-um	PN	1
x-ma-at	PN	1
x	N	1
x	N.ABS	1
x	N.GEN	1
x-ni	N.3-SG-H-POSS.X	1
x-...	PN.GEN.ABS	1
x-ri-ni{ki}	GN	1
...-x	RN	1
x-sa6-ga	PN	1
x-x{ki}	GN.GEN.ABS	1
x-x-la2-ka	GN.GEN	1
x-x	N.2-SG-POSS.ABS	1
za3-ga	N.GEN	1
za3-mu	N	1
za-ab-sza-li{ki}	GN	1
za-ak-i3-li2	PN.GEN.ABS	1
zabar-dab5	N	4
za-gin3-na	N.L1	1
za-ni-a	PN	1
za-pa-ag2-ba	N.3-SG-NH-POSS.L1	1
za-ul{ki}	GN	1
zi3	N	1
zimbir{ki}-ra-ke4	SN.GEN.ERG	1
zi-mu-dar{ki}	SN.GEN.ABS	1
zi	NF.V	1
