...{ki}	SN.ABS	1
...{ki}	SN.GEN.DAT-H	1
...{ki}-ta	SN.ABL	1
...-bi	PN.ERG	1
...-dingir-re	PN	1
...-kam	NU.GEN.COP-3-SG	1
...-KA-x	PN.DAT-H	1
...-sa6-sa6	PN.GEN.GEN	1
...-ta	PN.GEN.ABL	1
...-x-ni	PN.ERG	1
[n]	NU	1
{ansze}kunga2	N	1
{ansze}kunga2	N.GEN	1
{ansze}kunga2	N.GEN.ABS	2
{d}...	DN.GEN	2
{d}...	MN.L1	1
{d}a2-an-da	DN.DAT-H	1
{d}alamusz	DN.DAT-H	1
{d}al-la-gu-la	DN.GEN.TERM	1
{d}al-la-tum	DN.DAT-H	1
{d}al-la-tum	DN.GEN	1
{d}amar-{d}suen	RN	14
{d}amar-{d}suen	RN.ABS	5
{d}amar-{d}suen	RN.DAT-H.ABS	1
{d}be-la-at-dar-ra-ba-an	DN.GEN.GEN.TERM	1
{d}be-la-at-suh-ner	DN	1
{d}dumu-zi	MN.L1	13
{d}en-ki	DN.DAT-H	1
{d}en-ki	DN.GEN.ABS	10
{d}en-ki-ka	DN.GEN	1
{d}en-ki-ka	DN.GEN.ABS	1
{d}en-lil2	DN	9
{d}en-lil2	DN.DAT-H	2
{d}en-lil2	DN.GEN.ABS	1
{d}en-lil2-la2	DN.GEN	1
{d}en-lil2-la2	DN.GEN.ABS	10
{d}en-lil2-la2	DN.GEN.TERM	1
{d}en-lil2-la2	PN.DAT-H	1
{d}en-lil2-la2	PN.ERG	3
{d}en-lil2-la2-ka	DN.GEN.GEN	1
{d}en-lil2-la2-sze3	DN.GEN.TERM	2
{d}en-lil2-la2-ta	DN.GEN.ABL	1
{d}en-lil2-mu	PN	1
{d}en-lil2-ra	DN.DAT-H	1
{d}gu-la	DN	1
{d}gu-la	DN.DAT-H	1
{d}gu-la	DN.GEN.ABS	1
{d}gu-la	DN.GEN.DAT-H	1
{d}gu-za	N	3
{d}ha-ia3	DN.DAT-H	2
{d}hendur-sag	DN	1
{d}i-bi2-{d}suen	RN	6
{d}i-bi2-{d}suen	RN.ABS	2
{d}inanna	DN	3
{d}inanna	DN.DAT-H	3
{d}inanna	DN.GEN	1
{d}inanna	DN.GEN.ABS	10
{d}inanna	DN.GEN.ABS		1
{d}inanna	DN.GEN.GEN	1
{d}inanna	DN.GEN.GEN.TERM	2
{d}inanna	DN.GEN.TERM	2
{d}inanna-sze3	DN.GEN.TERM	1
{d}inanna-ta	DN.GEN.ABL	1
{d}iszkur-ba-ni	PN.DAT-H	1
{d}iszkur-illat-ta	PN.GEN.ABL	2
{d}iszkur-ku3-gal2	PN.DAT-H	1
{d}isztaran	DN	1
{d}la-az	DN	1
{d}li9-si4	MN.L1	9
{d}li9-si4-sze3	MN.TERM	1
{d}lugal-banda3{da}	DN.GEN.DAT-H	1
{d}lugal-ka-...	DN	1
{d}ma-mi-hi-li-su3	PN.DAT-H	1
{d}mes-lam-ta-e3-a	PN	1
{d}na-na-a	DN.DAT-H	2
{d}na-na-a	DN.GEN.GEN.TERM	1
{d}na-na-a	DN.GEN.TERM	1
{d}nanna	DN	12
{d}nanna	DN.DAT-H	3
{d}nanna	DN.GEN	1
{d}nanna	DN.GEN.ABS	6
{d}nanna	DN.GEN.TERM	2
{d}nanna-gu2-gal-sze3	WN.GEN.TERM	1
{d}nanna-he2-gal2	PN	1
{d}nanna-hi-li	PN.GEN	1
{d}nanna-ka	DN.GEN.GEN.L1	1
{d}nanna-kam	PN	2
{d}nanna-ke4	DN.GEN.ERG	1
{d}nanna-ki-ag2	N	1
{d}nanna-lu2-du10	PN	1
{d}nanna-ma-ba	PN	2
{d}nanna-sze3	DN.GEN.TERM	1
{d}nanna-zi	PN.DAT-H	1
{d}nansze	DN	1
{d}nansze-gar-ra	DN.GEN	1
{d}nansze-ta	DN.GEN.GEN.GEN.ABL	1
{d}na-ru2-a	N.GEN	1
{d}nerah-a-gal2	DN.GEN.DAT-H	1
{d}nin-...	DN	3
{d}nin-a-zu	DN.DAT-H	1
{d}nin-e2-gal	DN.DAT-H	3
{d}nin-e2-gi4-a	DN.GEN.TERM	1
{d}nin-gal	DN	1
{d}nin-gal	DN.DAT-H	1
{d}nin-gesz-zi-da	DN.DAT-H	2
{d}nin-gesz-zi-da	DN.GEN	2
{d}nin-gir2-su	DN	1
{d}nin-gubalag	DN.DAT-H	1
{d}nin-hur-sag	DN.DAT-H	1
{d}nin-hur-sag-ka	DN.GEN.GEN.GEN.L1	1
{d}nin-hur-sag-ka	DN.GEN.L1	1
{d}nin-ildu3-ma	PN.GEN	1
{d}nin-ku3-nun	TN.TERM	1
{d}nin-lil2	DN.DAT-H	3
{d}nin-lil2-la2	DN.GEN.ABS	1
{d}nin-lil2-la2	DN.GEN.TERM	1
{d}nin-lil2-ra	DN.DAT-H	6
{d}nin-mar{ki}-sze3	SN.GEN.TERM	1
{d}nin-mar{ki}-ta	SN.GEN.ABL	1
{d}nin-sun2	DN.DAT-H	1
{d}nin-sza3-ge-pa3-da	DN.GEN.DAT-H	1
{d}nin-szubur	DN.DAT-H	1
{d}nin-ti2-ug5-ga	DN.DAT-H	1
{d}nin-ur4-ra	DN.GEN	2
{d}nin-ur4-ra	DN.GEN.ABS	1
{d}nin-ur4-ra	DN.GEN.DAT-H	1
{d}nin-urta	DN.DAT-H	1
{d}nusku	DN.DAT-H	1
{d}pa4-u2-e	MN.L1	2
{d}suen-a-bu-szu	PN	2
{d}suen-ba-ni	PN.DAT-H	1
{d}szakkan2-an-dul3	PN.DAT-H	1
{d}szara2	DN	8
{d}szara2	DN.DAT-H	1
{d}szara2	DN.GEN	3
{d}szara2	DN.GEN.ABS	6
{d}szara2	DN.GEN.GEN	3
{d}szara2	SN.GEN.ABS	1
{d}szara2-a-mu	PN	1
{d}szara2-ba-an-sa6	PN.DAT-H	1
{d}szara2-ba-zi-ge	PN.DAT-H	1
{d}szara2-gu2-gal	PN.GEN.L1	1
{d}szara2-he2-gal2	PN.GEN	1
{d}szara2-i3-x	PN.DAT-H	1
{d}szara2-kam	PN	2
{d}szara2-kam	PN.ERG	1
{d}szara2-kam	PN.GEN	1
{d}szara2-kam-ta	PN.GEN.ABL	2
{d}szara2-za-me	PN.GEN	1
{d}szu-{d}suen	RN	42
{d}szu-{d}suen	RN		1
{d}szu-{d}suen	RN.ABS	5
{d}szu-{d}suen	RN.GEN	1
{d}szu-{d}suen-e	RN.ERG	1
{d}szu-{d}suen-sze3	RN.GEN.GEN.TERM	1
{d}szul-gi	RN	8
{d}szul-gi	RN.DAT-H	1
{d}szul-gi-a-a-mu	PN.ERG	1
{d}szul-gi-a-bi2	PN.ERG	1
{d}szul-gi-da-an-ga-da	PN	1
{d}szul-gi-da-an-ga-da	PN.GEN	1
{d}szul-gi-dan-ga-da	PN.DAT-H	1
{d}szul-gi-i3-li2	PN.GEN.DAT-H	1
{d}szul-gi-i3-li2-ta	PN.GEN.ABL	1
{d}szul-gi-iri-mu	PN.ERG	4
{d}szul-gi-iri-mu	PN.GEN	2
{d}szul-gi-mi-szar	PN.GEN.DAT-H	1
{d}szul-gi-mu-dah	PN	1
{d}szul-gi-ra	DN.GEN	1
{d}szul-gi-ra	RN.GEN	1
{d}szul-gi-ra-me	RN.GEN.ABS.COP-3-PL	1
{d}szul-gi-si2-im-tum	PN.DAT-H	1
{d}szul-gi-sza-am3-szi	PN.DAT-H	1
{d}szul-gi-zi-mu	PN	1
{d}ul-ma-szi-tum	DN.DAT-H	1
{d}USZ-ka-limmu2	DN.GEN	1
{d}utu	DN.DAT-H	2
{d}utu-ba-ni	PN.DAT-H	1
{d}utu-bar-ra	PN.ERG	1
{d}utu-GIR2@g-gal	PN.GEN	1
{d}utu-he2-sa6	PN	1
{d}utu-mu	PN.DAT-H	1
{d}x	DN	1
{d}x-{d}suen	RN	2
{d}x-sag	DN	1
{d}x-x-a-mu	PN.DAT-H	1
{ga2}gar	NF.V.PT	1
{gesz}al	N	1
{gesz}an-za-am	N	1
{gesz}apin	N	3
{gesz}ba-an	N	1
{gesz}banszur	N	1
{gesz}dal	N	1
{gesz}dehi	N	1
{gesz}erin	N	1
{gesz}gaba-tab-e	N.L3-NH	1
{gesz}gag	N	1
{gesz}gag-sal	N	1
{gesz}geszimmar	N	1
{gesz}gigir	N.TERM	2
{gesz}gigir-re	PN.GEN	1
{gesz}gu-za	N	4
{gesz}ig	N	2
{gesz}kab2-kul	N.GEN	1
{gesz}kiri6	N	5
{gesz}kiri6	N.L1.ABS	1
{gesz}ma:nu	N.GEN.ABS	1
{gesz}ma-nu	N.ABS	1
{gesz}mar	N	1
{gesz}mar-im	N	1
{gesz}masz-da3	N	1
{gesz}na2	N	1
{gesz}pesz3	N	1
{gesz}su7	N	1
{gesz}tag	N	1
{gesz}tag	NU	1
{gesz}tug2-gurx(|SZE.KIN|)	N	1
{gesz}tukul	N	1
{gesz}tukul	N.L2-NH	1
{gesz}tukul-gu-la	N.DAT-H	2
{gesz}u3-suh5	N	1
{gesz}u3-szub	N	1
{gi}ba-an	N	1
{gi}ba-an-du8-du8	N	2
{gi}gakkul2	N	1
{gi}gur	N	6
{gi}gur-dub	N	1
{gi}ha-an-ka-ze2	N	1
{gi}hal	N	1
{gi}kaskal	N	3
{gi}kid	N	1
{gi}ma-an-sim	N	1
{gi}ma-an-x	N	1
{gi}murux(|KID.SZU2.MA2|)	N.ABS	1
{gi}pisan	N	7
{gi}si2-im-tum	N	1
{gi}su7-su7	N	1
{kusz}du10-gan	N	2
{kusz}du10-gan-na	N.GEN.L1	1
{kusz}e-sir2	N	2
{kusz}suhub2	N	2
{kusz}suhub2-sze3	N.TERM	2
{kusz}szu4-gan	N	1
{kusz}ummu3	N	1
{munus}asz2-gar3	N	6
{munus}asz2-gar3	N.ABS	3
{na4}a-ab-ba	N	1
{szu}szudulx(|URxMIN|)	NF.V.PT	1
{u2}har-an	N	1
{u2}kiszi17	N	1
{uruda}ha-bu3-da	N	1
{uruda}ur2-zi-ir	N	1
{uruda}zi-ir	N	1
|BAD3.AN|{ki}-ta	SN.ABL	1
|KI.AN|{ki}	SN.GEN.DAT-H	1
|KI.AN|{ki}-ta	SN.ABL	1
|ZI&ZI|	N	2
1(asz)	NU	81
1(asz)-a	NU.L1	1
1(asz@c)	NU	4
1(ban2)	N	91
1(ban2)	N		3
1(barig)	N	62
1(barig)	N		1
1(barig)	N.ABS	3
1(barig)-ta	N.ABL	2
1(bur3)	N	22
1(bur'u)	N	5
1(disz)	NU	455
1(disz)	NU		18
1(disz)	NU.TERM	1
1(disz)-kam	NU.GEN.COP-3-SG	23
1(disz)-kam	NU.GEN.COP-3-SG		1
1(disz)-kam	NU.GEN.COP-3-SG.L1	2
1(disz)-kam	NU.GEN.COP-3-SG.TERM	2
1(disz)-kam-ma-asz	NU.GEN.COP-3-SG.TERM	1
1(disz)-sze3	NU.TERM	36
1(disz)-ta	NU.ABL	1
1(disz@t)	NU	4
1(disz@t)-kam	NU.GEN.COP-3-SG	2
1(disz@t)-kam	NU.GEN.COP-3-SG.TERM	1
1(disz@t)-ta	NU.ABL	1
1(esze3)	N	23
1(gesz2)	NU	83
1(gesz'u)	NU	15
1(gesz'u)	NU.ABS	1
1(iku)	N	12
1(szar2)	N	1
1(u)	NU	271
1(u)	NU		6
1(u)-am3	NU.ABS.COP-3-SG	1
1(u)-kam	NU.GEN.COP-3-SG	2
1(u)-sze3	NU.TERM	2
1(u)-ta	NU.ABL	1
1/2(disz)	NU	61
1/2(disz)-sze3	NU.TERM	1
1/2(disz)-ta	NU.ABL	1
1/2(iku)	N	25
1/3(disz)	NU	45
1/3(disz){sza}	NU	1
1/3(disz)-am3	NU.ABS.COP-3-SG	1
1/3(disz)-kam	NU.GEN.COP-3-SG	1
1/3(disz)-ta	NU.ABL	1
1/4(iku)	N	16
2(asz)	NU	70
2(asz)	NU.ABS	2
2(ban2)	N	40
2(ban2)	N		2
2(ban2)	N.ABS	3
2(barig)	N	99
2(barig)	N.ABS	4
2(barig)-ta	N.ABL	2
2(bur3)	N	9
2(disz)	NU	413
2(disz)	NU		11
2(disz)	NU.GEN	1
2(disz)-am3	NU.ABS.COP-3-SG	6
2(disz)-kam	NU.GEN.COP-3-SG	41
2(disz)-kam	NU.GEN.COP-3-SG		1
2(disz)-kam	NU.GEN.COP-3-SG.ABS	1
2(disz)-kam	NU.GEN.COP-3-SG.GEN.ABS	1
2(disz)-kam	NU.GEN.COP-3-SG.TERM	1
2(disz)-sze3	NU.TERM	5
2(disz)-ta	NU.ABL	3
2(disz@t)	NU	2
2(disz@t)-kam	NU.GEN.COP-3-SG	1
2(esze3)	N	17
2(gesz2)	NU	29
2(gesz2)	NU		1
2(gesz2)-kam	NU.GEN.COP-3-SG	1
2(gesz'u)	NU	8
2(gesz'u)-kam	NU.GEN.COP-3-SG	1
2(iku)	N	9
2(szar2)	NU	3
2(u)	NU	152
2(u)	NU		1
2(u)	NU.ABS	2
2(u)	NU.TERM	2
2(u)-am3	NU.ABS.COP-3-SG	1
2(u)-kam	NU.GEN.COP-3-SG	3
2/3(disz)	NU	30
2/3(disz){sza}	NU	1
2/3(disz)-kam	NU.GEN.COP-3-SG	2
3(asz)	NU	39
3(ban2)	N	69
3(ban2)	N		1
3(ban2)	N.ABS	34
3(ban2)-ta	N.ABL	1
3(barig)	N	42
3(barig)	N.ABS	3
3(bur3)	N	3
3(bur'u)	N	3
3(disz)	NU	240
3(disz)	NU		3
3(disz)	NU.GEN	1
3(disz)-am3	NU.ABS.COP-3-SG	3
3(disz)-kam	NU.GEN.COP-3-SG	24
3(disz)-kam	NU.GEN.COP-3-SG.L1	1
3(disz)-kam	NU.GEN.COP-3-SG.TERM	1
3(disz)-kam-asz	NU.GEN.3-SG-COP.TERM	1
3(disz)-kam-asz	NU.GEN.COP-3-SG.TERM	1
3(disz)-sze3	NU.TERM	8
3(disz@t)-kam	NU.GEN.COP-3-SG	2
3(gesz2)	NU	13
3(gesz2)	NU		1
3(gesz'u)	NU	3
3(iku)	N	15
3(u)	NU	90
3(u)	NU		2
3(u)-kam	NU.GEN.COP-3-SG	1
3(u)-sze3	NU.TERM	1
4(asz)	NU	22
4(ban2)	N	25
4(ban2)	N		1
4(barig)	N	34
4(barig)	N.ABS	1
4(bur3)	N	2
4(bur'u)	N	1
4(disz)	NU	139
4(disz)	NU.ABS	1
4(disz)-am3	NU.ABS.COP-3-SG	1
4(disz)-kam	NU.GEN.COP-3-SG	19
4(disz)-kam	NU.GEN.COP-3-SG		1
4(disz)-kam	NU.GEN.COP-3-SG.L1	1
4(disz)-sze3	NU.TERM	2
4(disz@v)	NU	1
4(gesz2)	NU	10
4(gesz2)	NU		1
4(gesz2)-kam	NU.GEN.COP-3-SG	1
4(gesz'u)	NU	1
4(iku)	N	13
4(u)	NU	49
4(u)	NU		1
4(u)-kam	NU.GEN.COP-3-SG	1
5(asz)	NU	15
5(ban2)	N	22
5(ban2)	N.ABS	1
5(bur3)	N	2
5(disz)	NU	251
5(disz)	NU		6
5(disz)	NU.TERM	1
5(disz)-am3	NU.GEN.COP-3-SG	1
5(disz)-kam	NU.GEN.COP-3-SG	7
5(disz)-kam	NU.GEN.COP-3-SG		1
5(disz)-kam	NU.GEN.COP-3-SG.GEN.ABS	1
5(disz)-kam	NU.GEN.COP-3-SG.L1	3
5(disz)-sze3	NU.TERM	7
5(gesz2)	NU	8
5(gesz2)	NU		1
5(gesz'u)	NU	1
5(iku)	N	5
5(u)	NU	52
5(u)-kam	NU.GEN.COP-3-SG	1
5/6(disz)	NU	17
5/6(disz)-am3	NU.ABS.COP-3-SG	1
5/6(disz)-bi	NU.3-SG-NH-POSS.ABS	2
5/6(disz)-kam	NU.GEN.COP-3-SG	1
6(asz)	NU	17
6(bur3)	N	3
6(disz)	NU	112
6(disz)	NU		3
6(disz)	NU.ABS	1
6(disz)	NU.TERM	1
6(disz)-kam	NU.GEN.COP-3-SG	9
6(disz)-sze3	NU.TERM	1
6(gesz2)	NU	7
7(asz)	NU	18
7(disz)	NU	57
7(disz)	NU		2
7(disz)	NU.TERM	1
7(disz)?	NU		1
7(disz)-kam	NU.GEN.COP-3-SG	10
7(disz)-kam	NU.GEN.COP-3-SG.L1	1
7(disz)-sze3	NU.TERM	1
7(disz)-ta	NU.ABL	1
7(gesz2)	NU	7
8(asz)	NU	11
8(bur3)	N	2
8(disz)	NU	64
8(disz)	NU		2
8(disz)-kam	NU.GEN.COP-3-SG	11
8(disz)-sze3	NU.TERM	1
8(disz@v)	NU	1
8(gesz2)	NU	7
8(gesz2)	NU		1
8(szar2)	NU.ABS	1
9(asz)	NU	7
9(bur3)	N	1
9(disz)	NU	22
9(disz)-kam	NU.GEN.COP-3-SG	1
9(gesz2)	NU	7
a	N	2
a	N.ABS	2
a-<sza3>	N	1
a2	N	38
a2-ag2-ga2	N	1
a2-bi	N.3-SG-NH-POSS	1
a2-bi	N.3-SG-NH-POSS.ABS	31
a2-bi	NU.3-SG-NH-POSS.ABS	1
a2-bi2-la-ti	PN.GEN	2
a2-bil2-la-tum	PN.DAT-H	1
a2-ge6-ba-a	N.L1	5
a2-ki-ti	MN.L1	12
a2-na-mu	PN	1
a2-na-mu	PN.DAT-H	1
a2-NE-ni	PN.DAT-H	1
a2-ni-ta	PN.DAT-H	1
a2-ta	PN	1
a2-zi-da	PN.DAT-H	1
a-ab-ba-mu	PN	1
a-ab-ba-mu	PN.DAT-H	1
a-ab-ba-ni-ta	PN.GEN.ABL	1
a-a-kal-la	PN	13
a-a-kal-la	PN		1
a-a-kal-la	PN.DAT-H	1
a-a-kal-la-ta	PN.GEN.ABL	1
a-al-ni	PN.DAT-H	1
a-a-mu	PN.GEN	1
a-an-na-ti	PN	1
a-at-ti-a	PN	1
ab	N	1
ab2	N	13
ab2	N.ABS	3
ab2	N.ABS		1
ab2-mah2	N	4
a-ba	PN.DAT-H	1
a-ba-{d}en-lil2-gin7-ta	PN.GEN.ABL	3
a-ba-{d}szara2-gin7	PN.ERG	1
a-ba-al-la	FN	1
a-bala	NF.V.PT.GEN	1
ab-ba	N	1
ab-ba-gi-na	PN	4
ab-ba-gi-na	PN.ERG	2
ab-ba-gi-na	PN.GEN	1
ab-ba-gi-na-sze3	PN.GEN.TERM	1
ab-ba-gi-na-ta	PN.GEN.ABL	1
ab-ba-iri	N	1
ab-ba-kal-la	PN.ERG	1
ab-ba-kal-la	PN.GEN.GEN	1
ab-ba-mu	PN.GEN.GEN	1
ab-ba-mu-ta	PN.GEN.ABL	1
ab-ba-sa6-ga	PN.ERG	2
ab-ba-sa6-ga-ta	PN.GEN.ABL	18
ab-ba-saga	PN	1
ab-ba-saga	PN.ERG	1
a-bi2-si2-im-ti	PN.GEN	1
a-bil-{d}suen	PN.DAT-H	1
a-bu3-ka	FN.GEN.TERM	1
a-bu-da	PN.ERG	1
a-bu-ni	PN.GEN	1
a-bu-ni-ta	PN.GEN.ABL	1
a-da-ga	PN	2
a-da-ga	PN.GEN	1
a-da-lal3	PN	1
a-da-lal3	PN.DAT-H	2
a-da-sze-en6-ta	PN.GEN.ABL	1
ad-da	PN	2
ad-da	PN.GEN	1
ad-da-da	PN.GEN	1
ad-da-kal-la	PN.DAT-H	1
ad-da-mu	PN	2
ad-da-mu	PN.GEN	1
ad-da-na-sze3	N.3-SG-H-POSS.GEN.TERM	1
ad-da-ta	PN.GEN.ABL	1
ad-kup4	N.DAT-H	1
ad-kup4	N.GEN	1
ad-kup4-me	N.ABS.COP-3-PL	1
a-du	PN.GEN	1
a-du-du	PN	1
a-du-du	PN.DAT-H	1
a-du-du	PN.ERG	1
a-du-mu	PN.DAT-H	1
a-du-mu	PN.GEN	1
ag2-e-dam	NF.V.F.ABS.COP-3-SG	1
aga3	N	2
aga3	N.ABS	1
aga3-us2	N	3
aga3-us2-gal	N.DAT-H	2
aga3-us2-ta	N.GEN.ABL	1
a-gal-zi	PN	1
a-gi4-um	ON	1
a-gu	PN.GEN	1
a-gu-a	PN.DAT-H	1
a-gu-gu	PN.GEN	1
a-gu-gu	PN.GEN.GEN	1
a-gu-ta	PN.GEN.ABL	4
a-hu-a	PN	1
a-hu-a-ga	PN	1
a-hu-ni	PN.DAT-H	2
a-hu-ni	PN.ERG		1
a-hu-ni-ta	PN.GEN.ABL	1
a-hu-wa-qar	PN	1
a-hu-wa-qar	PN.ERG	1
a-hu-we-er-ta	PN.GEN.ABL	1
ak	NF.V.F.ABS	1
ak	NF.V.PT	8
ak	NF.V.PT.ABS	1
ak	NF.V.PT.GEN	1
a-kal-la	PN	8
a-kal-la	PN.DAT-H	1
a-kal-la	PN.ERG	2
a-kal-la	PN.GEN	3
a-kal-la-ta	PN.GEN.ABL	4
ak-de3	NF.V.F.DAT-NH	1
a-ku-ku-ta	PN.GEN.ABL	1
al	N	2
al	N.ABS	1
al	N.TERM	1
alan	N	1
alan-da	N.COM	1
a-li	PN	1
al-la	PN	1
al-la-ha-ru	N	1
al-la-mu	PN.ERG	1
al-la-palil2	PN	1
al-la-ta	PN.GEN.ABL	1
a-lu5-lu5	PN.DAT-H	1
a-lu5-lu5	PN.GEN	1
a-lu5-lu5-ta	PN.GEN.ABL	4
a-lum	N	24
a-lum	N		1
a-lum	N.ABS	2
a-lum	N.ABS		1
al-zi-ra	NF.V.PT	1
am	N	1
am	N.ABS	1
am3-ma	PN	1
ama-e2-mah-e	PN	1
ama-gan	N	1
ama-gi-na	PN.DAT-H	1
ama-kal-la	PN.DAT-H	1
a-ma-ma-a	PN	1
ama-ni	N.3-SG-H-POSS	1
amar	N	3
amar	N.GEN	2
amar-a-a-si	MN.L1	1
amar-kiszi17	PN.GEN	1
a-ma-ru-kam	N.GEN.ABS.COP-3-SG	1
ama-ur4-sza3-ge	PN	1
ambar{ki}	SN.GEN.L1	1
a-mur-{d}utu	PN	1
a-mur-{d}utu	PN.ERG	1
a-mur-dingir	PN	2
an	DN.DAT-H	1
an-...-ta	PN.GEN.ABL	1
an-da-gu-du-esz3-e-ki-ag2	PN.GEN	1
AN-gu2-gu2-mu	PN.DAT-H	1
a-nigin2-sze3	N.TERM	1
an-na	DN.GEN.GEN.TERM	1
an-na-hi-li-bi-ta	PN.GEN.ABL	1
an-na-sze3	DN.GEN.TERM	1
an-ne2	PN.DAT-H	1
an-ne2-ba-ab-du7	PN.GEN.ABL	1
an-nu-ni-tum	PN.DAT-H	1
an-sza{ki}	GN.ABS	2
an-sza-an{ki}	GN.ABS	12
an-sza-an{ki}-ta	GN.ABL	1
ansze	N	2
an-ub-da	N	16
an-ub-da	N		1
anzu2{muszen}-babbar2	TN.GEN.GEN	1
a-pi4-sal4{ki}	FN.GEN	1
a-pi4-sal4{ki}	FN.L1	1
a-pi4-sal4{ki}-ta	SN.ABL	1
a-pi-dingir	PN	1
apin	N	2
apin-du8-a	MN.ABL	1
apin-la2	N	8
apin-la2	N.GEN	1
a-ra	N	2
a-ra2	N	42
ARAD2	N	4
ARAD2	N.DAT-H	1
ARAD2	PN.ABS	1
ARAD2	PN.ERG	1
ARAD2	PN.ERG		1
ARAD2	PN.GEN	1
ARAD2	PN.GEN.ABS	1
ARAD2-{d}nanna	PN	3
ARAD2-{d}nanna	PN		1
ARAD2-{d}szara2	PN.GEN	1
ARAD2-da	N.COM.GEN.ABS	1
ARAD2-dam	PN.ABS	1
ARAD2-dam	PN.GEN	1
ARAD2-hu-la	PN	1
ARAD2-mu	PN	7
ARAD2-mu	PN		1
ARAD2-mu	PN.GEN.ABS	1
ARAD2-ta	PN.GEN.ABL	3
ARAD2-zu	N.2-SG-POSS.ABS	24
ARAD2-zu	N.2-SG-POSS.ABS		1
ar-ha	N	1
a-ri-a	N	1
ar-ma-tum	N.ABS	1
ar-szi-ah	PN	1
ar-ti-a	PN	1
a-sza3	N	44
a-sza3-da	N.COM	1
a-sza3-ga	N.GEN	5
a-sza3-ge	N.L3-NH	1
aszgab	N	2
aszgab	N.DAT-H	1
aszgab	N.GEN	2
aszgab-gal	N.GEN	1
aszgab-ta	N.GEN.ABL	1
a-szi-an	PN.GEN	2
asz-sze3	NU.TERM	1
ASZ-ur4	N	1
a-ta	N.ABL	2
a-tu	PN	2
a-tu	PN.DAT-H	1
a-tu	PN.GEN	1
a-tu5-a	N	1
a-tu-sze3	PN.GEN.TERM	1
a-tu-ta	PN.GEN.ABL	2
a-u2-da-ta	FN.GEN.ABL	1
a-zi-ga-sze3	N.TERM	1
azlag2	N.DAT-H	3
azlag2	N.GEN	1
ba	N.GEN	1
ba-a	NF.V.PT	1
ba-a-ba-lum	PN	1
ba-ab-du8	MID.3-SG-NH-L3.V.3-SG-S	11
ba-ab-ti	MID.3-SG-NH-A.V.3-SG-P	1
ba-ad-da-ri2	PN.ABS	1
ba-ad-iri-na	PN		1
ba-ad-iri-na	PN.GEN		1
ba-a-ga	PN	2
ba-a-gar	MID.L2.V.3-SG-S	6
ba-a-hun	MID.V.3-SG-S	2
ba-a-hun-sze3	MID.L2.V.3-SG-S.TERM	1
ba-al-la	NF.V.PT	2
ba-an-ku4	MID.L1-SYN.V.3-SG-S	1
ba-an-na-zi	MID.3-SG-H.DAT.V.3-SG-S	1
ba-an-sa6	PN.ERG	2
ba-an-ti	MID.3-SG-H-A.V.3-SG-P	1
ba-ba	N	2
ba-ba	PN	1
ba-ba-ti	PN	1
ba-ba-ti	PN.GEN.ABS	1
bad3	N	19
bad3	N.ABS	6
bad3-gal	N.ABS	2
bad3-gal-bi	N.DEM2.ABS	1
ba-de6	MID.V.3-SG-S	1
ba-dim2	MID.V.3-SG-S	9
ba-du3	MID.V.3-SG-S	34
ba-du3-a	MID.V.3-SG-S	1
ba-du3-ta	MID.V.3-SG-S.ABL	3
ba-gen-na-a	MID.V.3-SG-S.SUB.L1	1
ba-ha-an-sze-er	PN	1
bahar3	N	1
bahar3-me	N.ABS.COP-3-PL	1
ba-hul	MID.V.3-SG-S	93
ba-hul	MID.V.3-SG-S		2
ba-hul	MID.V.3-SG-S.GEN.GEN.ABS	1
ba-hul-a	MID.V.3-SG-S.SUB	1
ba-hul-sze3	MID.V.3-SG-S.TERM	3
ba-hul-ta	MID.V.3-SG-S.ABL	1
ba-hun	MID.V.3-SG-S	39
ba-hun	MID.V.3-SG-S		2
ba-hun	MID.V.3-SG-S.GEN.GEN.ABS	1
ba-hun-ga2	MID.V.3-SG-S	1
ba-hun-ga2-sze3	MID.V.3-SG-S.TERM	1
ba-kux(KWU147)	MID.L1-SYN.V.3-SG-S	1
bala	N	1
bala	N.ABS	1
bala	N.GEN	1
bala	N.GEN.L1	1
bala	N.L1	1
bala	N.L1		1
ba-la	PN	1
bala-a	N.GEN	1
bala-a	N.GEN.ABS		1
bala-a	N.GEN.L1	9
bala-a	N.L1	2
bala-a	N.L1		1
bala-a	N.L1.GEN	1
bala-a-sze3	N.GEN.TERM	1
bala-a-ta	NF.V.PT.GEN.ABL	2
ba-li	PN.ERG	1
ba-lu5	N	1
ba-mu	PN.GEN	1
ba-na-...	MID.3-SG-H.DAT.3-SG-H-A.V.3-SG-P	1
ba-na-gi-in	MID.3-SG-H.DAT.V.3-SG-S	1
banda3-sze3	N.TERM	1
ba-ne-tar-ra	MID.3-PL-DAT.V.3-SG-S.SUB	1
bappir	N	2
ba-ra	NF.V.PT	1
bara2-si-ga	N	2
ba-ra-gi-ne	NF.V.PL.ABS.ABS	1
ba-ra-sa10	MID.ABL.3-SG-H-A.V.3-SG-P	1
bar-gal2	N	19
bar-ra	N.GEN	1
bar-su	NF.V.ABS	4
bar-su-ga	NF.V.ABS	15
bar-ta	N.ABL	2
ba-sa6	PN.GEN	3
ba-sa6-ga	PN	1
ba-ti	MID.3-SG-H-A.V.3-SG-P	54
ba-ti	MID.3-SG-H-A.V.3-SG-P		1
ba-ti	MID.3-SG-H-A.V.3-SG-P.3-PL	1
ba-ti-esz2	MID.3-SG-H-A.V.3-PL	1
ba-usz2	MID.V.3-SG-S	10
ba-usz2	MID.V.3-SG-S.SUB.GEN.DAT-H	3
ba-usz2	MID.V.PL.3-PL-S	13
ba-zal	MID.V.3-SG-S.SUB	2
ba-zal	MID.V.3-SG-S.SUB.L1	2
ba-zi	MID.V.3-SG-S	8
ba-zi	PN	2
ba-zi	PN.ABS	1
ba-zi	PN.GEN.GEN	1
ba-zi-sze3	PN.GEN.TERM	1
be-li2-a-zu	PN.ERG	1
be-li2-du10	PN	4
bi2-bi2	PN	1
bi2-bi2-a	PN	2
bi2-du11-ga	PN	1
bi2-du11-ga	PN.GEN	2
bi2-du11-ga	PN.GEN		1
bi2-du11-ga-ta	PN.GEN.ABL	2
bi2-ib2-gi4-me	3-SG-NH.L2.3-SG-NH-A.V.3-SG-P.SUB.ABS.COP-3-PL	1
bi2-in-du11	3-SG-NH.L3.3-SG-H-A.V.3-SG-P	2
bi2-in-ne2-sza-sze3	3-SG-NH.L2.3-SG-H-A.V.PL.3-PL.SUB.GEN.TERM	1
bi2-se3-ga-sze3	3-SG-NH.L2.V.3-SG-P.SUB.TERM	1
bi-ik-ki-nu-um	PN.GEN.ABS	1
bil-ga	PN.DAT-H	1
bu3-u2-nu-um	PN	1
bu-bu	PN.ERG	1
bu-ga-ti	PN	1
bulug4	N.ABS	1
bur-ma-ma	PN	1
da-a-gi	PN.DAT-H	1
da-a-gi4	PN	1
da-a-gi4	PN.GEN	1
dab5-ba	NF.V.PT	1
dab5-ba-de3	NF.V.F.DAT-NH	1
da-ba-tum	N	1
dab-ba	NF.V.PT	2
dabin	N	13
dabin	N.ABS	1
dabx(U8)-ba	NF.V.PT	1
da-da	PN	1
da-da	PN.DAT-H	1
da-da	PN.GEN	4
da-da	PN.GEN.DAT-H	1
da-da	PN.GEN.GEN	1
da-da	PN.GEN.L2-NH	1
da-da-a	PN	2
da-da-a	PN.DAT-H	1
da-da-a	PN.GEN	1
da-da-ga	PN	2
da-da-ga	PN.ERG	1
da-da-ga	PN.GEN	2
da-da-ga	PN.GEN.ERG	1
da-da-ga	PN.GEN.L2-NH	1
da-da-ga-ta	PN.GEN.ABL	2
da-da-ni	PN	1
da-da-ta	PN.GEN.ABL	1
da-du	PN	2
da-du-mu	PN.GEN	2
da-ga-...	PN.GEN	1
dagal	NF.V.ABS	1
da-ga-mu	PN.GEN	1
da-gi	PN	1
da-gi	PN.GEN	1
da-gi-...	PN.GEN	1
dal	MN.L1	6
dal-ba-na	FN	1
dam	N	3
dam-gar3	N	3
dam-gar3	N.DAT-H	1
dam-gar3	N.ERG	2
dam-gar3	N.GEN	2
dam-gar3	N.GEN.ABS	1
dam-gar3-ra	N.DAT-H	1
dam-sa6-sze3	PN.GEN.TERM	1
da-mu-ta	PN.GEN.ABL	1
dan-ni-a-sze3	PN.GEN.TERM	1
dan-num2	PN.DAT-H	1
dan-u2-a-ta	PN.GEN.ABL	1
dan-u2-pi2	PN.GEN	1
dar-bi	N.ABS.3-SG-NH-POSS.ABS	1
da-umma{ki}	SN.GEN	1
de2-a	NF.V.PT	2
de6-a	NF.V.PT	4
di	N	2
dida	N	19
dida	N		1
di-di	NF.V.RDP.PF.TERM	1
didli	NF.V.ABS	1
didli	NF.V.ABS.ABS	1
didli	NF.V.ABS.GEN	1
didli	NF.V.ABS.TERM	1
di-ku5-bi-me	N.3-SG-NH-POSS.ABS.COP-3-PL	1
di-ku5-mi-szar-ta	PN.GEN.ABL	1
dingir-a2-dah	PN.GEN	1
dingir-ba-ni-ta	PN.GEN.ABL	1
dingir-ga2-i3-sa6	PN.DAT-H	1
dingir-ra	PN	1
dingir-ra	PN.GEN	1
dingir-ra-bi	PN.DAT-H	1
dingir-ra-bi2	PN.DAT-H	1
dingir-ra-bi2-ta	PN.GEN.ABL	1
dingir-ra-ta	PN.GEN.ABL	1
dingir-su-dan	PN.GEN	1
dingir-su-ra-bi2-ta	PN.GEN.ABL	1
diri	N	10
diri	N.ABS	1
diri	N.L1	5
diri	NF.V.ABS	4
diri	NF.V.ABS.ABS	2
diri-ga	NF.V.PT	3
diri-ga-am3	NF.V.PT.ABS.COP-3-SG	1
diri-sze3	N.TERM	3
diri-tum	PN.DAT-H	1
du	NF.V.ABS	45
DU	NF.V.ABS	1
du	NF.V.ABS		2
du	NF.V.ABS.ABS	1
du	NF.V.PF.F	1
du10-ga	NF.V.PT	6
du10-ga-mu	PN	2
du10-ge	PN.DAT-H	1
du10-us2	N	1
du11-du11-ga	NF.V.RDP.PT	1
du11-ga	NF.V.PT	2
du11-ga	PN	2
du11-ga	PN.ERG	1
du11-ga-ni	PN.DAT-H	1
du11-ga-ni	PN.ERG	1
du3	NF.V.ABS	1
du3-a	NF.V.PT	2
du3-a	NF.V.PT.TERM	1
du3-a:ku5	N.DAT-H	1
du6-ku3-ga	N.GEN	1
du6-ku3-sig17-ta	FN.GEN.ABL	1
du6-ur3	N.GEN.DAT-H	1
du7-a	NF.V.PT	1
du8-a	NF.V.PT.ABS	1
du8-de3	NF.V.F	1
du-a	NF.V.PT	1
dub	N	3
dub-(sar)	N	1
dub-ba	dub[tablet]-ak	1
dub-dub	N	2
dub-dub-sze3	N.TERM	1
dub-la2-mah	TN.TERM	1
dub-sar	N	64
dub-sar	N		1
dub-sar	N.ABS	3
dub-sar	N.GEN	9
dub-sar3	N	2
du-du	PN	1
du-du	PN.GEN.GEN	1
du-du{ki}-ta	SN.ABL	1
dug	N	26
dug	N		1
duh	N	6
DUL3	N	1
dumu	N	164
dumu	N		1
dumu-gi7	N	2
dumu-gu4-gur	N.GEN	1
dumu-munus	N	3
dumu-na	N.3-SG-H-POSS.GEN	1
dumu-ni	N.3-SG-H-POSS	5
dumu-ni-me	N.3-SG-H-POSS.ABS.COP-3-PL	2
du-ni	NF.V.PF.F.3-SG-H-POSS.L1	7
dur-ul3-ta	WN.ABL	1
durux(U3)	FN	1
durux(U3)-{d}nanna-gu2-gal	FN	1
dusu	N	1
du-u2-du11	PN	1
e	N	2
e2	N	46
e2	N.ABS	1
e2	N.GEN.TERM	1
e2	N.L1	1
e2	N.TERM	1
e2-{d}szara2	TN.ABS	1
e2-{gesz}gesztin	PN	1
e2-a	N.GEN.L1	1
E2-A	ON	2
e2-a-ba-ni	PN.DAT-H	1
e2-a-i3-li2	PN.ERG	1
e2-a-na	TN.L1	1
e2-ansze-ka	FN.GEN.GEN.TERM	1
e2-ba-an	N.ABS	1
e2-babbar2	TN.GEN	1
e2-di	PN	1
e2-duru5	N	4
e2-duru5-ta	N.GEN.ABL	1
e2-esir	N.GEN	1
e2-ga	N.GEN	1
e2-gal	N.GEN	1
e2-gal	N.GEN.L1	1
e2-gal	N.GEN.TERM	1
e2-gal	N.L2-NH	1
e2-gal-e	N.DAT-NH	1
e2-gal-e-si	PN.GEN	3
e2-gal-la	N.GEN.TERM	1
e2-gal-la	N.L1	3
e2-gal-ta	N.ABL	2
e2-gesz	N	1
e2-gibil4-le-ta	FN.ABL	1
e2-gu4-ta	N.ABL	1
e2-i7-lu2-ru-gu2-da	PN.GEN	1
e2-iti-6(disz)	MN.L1	9
e2-iti-6(disz)-sze3	MN.TERM	1
e2-ki-gal2	PN	1
e2-kikken2	N	1
e2-kikken-gibil-ta	GN.ABL		1
e2-kiszib3-ba	N.GEN	1
e2-kiszib3-ba-sze3	N.TERM	1
e2-lu2-lagar	PN.DAT-H	1
e2-lu-bi-su	PN.GEN	1
e2-lunga	N.GEN.ABS	1
e2-mah	TN.TERM	1
e2-ma-ki-du10	PN	1
e2-muhaldim	N.TERM	3
e2-muhaldim-sze3	N.TERM	1
e2-sar-ra-du10-sze3	SN.TERM	1
e2-ta	N.ABL	2
e2-te-na-ka	GN.GEN.L1	1
e2-tum	N	16
e2-tum-e	N.L3-NH	1
e2-tur3	N	1
e2-u4-1(u)-5(disz)	TN.TERM	1
e2-u4-7(disz)	ON.TERM	1
e2-u6-e	PN.DAT-H	1
e2-u6-e	PN.ERG	1
e2-u6-e	PN.GEN.DAT-H	1
e2-udu	N	1
e2-ur2-bi-du10	PN.ERG	1
e2-ur2-bi-du10-ta	PN.GEN.ABL	1
e2-usz-bar-sze3	N.TERM	1
e2-uz-ga	N.GEN.TERM	1
e3	NF.V.PT	1
e3-a	NF.V.PT	3
e3-a	NF.V.PT.ABS	1
e3-a	NF.V.PT.GEN	1
e3-a	NF.V.PT.GEN.ABS	1
eb-ku-sza-ta	PN.GEN.ABL	1
e-er-dingir-ta	PN.GEN.ABL	1
egir-bi	N.3-SG-NH-POSS.ABS	1
e-la-ak-ku-ru-ba-ta	PN.GEN.ABL	1
e-la-ak-nu-id-ta	PN.GEN.ABL	1
elam	EN.DAT-H	1
elam	GN.GEN	1
e-la-nu-id	PN	1
e-lu-da-an	PN	1
eme3-mah2	N	1
en	N	41
en	N		1
en3	N.ABS	1
en3-bi	N.3-SG-H-POSS.ABS	1
en-am-gal	PN	1
en-dim2-gi8-sze3	SN.TERM	1
en-dingir-mu	PN.ERG	1
en-dingir-mu	PN.GEN	1
en-dingir-mu-ta	PN.GEN.ABL	1
enegix(|EN.DIM2.GIG|){ki}	SN.GEN.L1	1
en-gal-mah-an-na	PN	1
engar	N	9
engar	N.DAT-H	6
engar	N.GEN.ABS	1
engar-gu4-suhub2	N	1
engar-ta	N.GEN.ABL	1
engar-ta	PN.GEN.ABL	1
enku	N.GEN	1
en-mah-ga-an-na	SN.ABS	1
en-mah-gal-an-na	PN	3
en-mah-gal-an-na	PN.ABS	1
en-na	N.GEN.ERG	1
en-nir-gal2-an-na	PN	1
en-nu	N.DAT-H	1
en-nu	N.GEN.TERM	1
en-nu	PN.DAT-H	1
en-nun-ga2	N.ABS	1
en-nun-ga2	N.GEN	1
en-nun-ki	PN.ABS	1
en-nun-ne2	PN.ERG	1
en-ra-kal	PN.DAT-H	1
ensi2	N	32
ensi2	N		1
ensi2	N.DAT-H	1
ensi2	N.GEN	5
ensi2	N.GEN		1
ensi2	N.GEN.L1	1
ensi2	N.GEN.TERM	1
ensi2-ka	N.GEN	11
ensi2-ka	N.GEN.GEN.ABS	1
ensi2-ka	N.GEN.GEN.L1	1
ensi2-ka	N.GEN.L1	1
ensi2-ka-sze3	N.GEN.TERM	1
ensi2-ka-ta	N.GEN.ABL	2
ensi2-ke4	N.ERG	1
ensi2-ta	N.GEN.ABL	1
en-um-{d}iszkur-ta	PN.GEN.ABL	1
en-unu6-gal	PN	8
en-unu6-gal	PN		1
en-unu6-gal	PN.ABS	1
en-unu6-gal-{d}inanna	PN.ABS	1
en-ur2-ku3-ge	PN	1
er3-ra-ba-ni	PN	1
er3-ra-bi2	PN	1
er3-ra-dan	PN.ERG	1
er3-ra-gar3	PN.GEN	1
er3-ra-ur-sag	PN.DAT-H	1
er3-ra-ur-sag	PN.ERG	1
er3-re-bu-um	PN	1
er3-re-eb-ta	PN.GEN.ABL	1
er3-re-szum	PN.GEN	1
er3-zu-dan-ta	PN.GEN.ABL	1
eridu{ki}	SN.GEN	2
eridu{ki}	SN.GEN.ABS	13
eridu{ki}-ga	SN.GEN.ABS	1
erin2	N	9
erin2-bi	N.GEN.3-SG-NH-POSS.ABS	3
erin2-e	N.ERG	1
erin2-na		1
erin2-na	N.GEN	1
erin2-na-ka	N.GEN.GEN	1
erin2-na-sze3	N.GEN.TERM	1
erin-da	PN.ABS	1
erin-da	PN.GEN.GEN	1
erin-gaba	N.GEN	1
esir2	N	6
esir2-a	N.L1	1
esz18-dar-um-mi-a	PN.DAT-H	1
esz3	N	4
esz3-esz3	N	3
esza	N	4
esztub	N	3
e-tak4-a	FIN.3-NH.V.3-SG-P.SUB	1
ezem	N	1
ezem-{d}ba-ba6	MN.L1	3
ezem-{d}dumu-zi	MN.L1	2
ezem-{d}dumu-zi	MN.TERM	1
ezem-{d}li9-si4-na	MN.L1	1
ezem-{d}li9-si4-ta	MN.ABL	1
ezem-{d}me-ki-gal2	MN.L1	1
ezem-{d}me-ki-gal2-sze3	MN.TERM	1
ezem-{d}nin-a-zu	MN	1
ezem-{d}nin-a-zu	MN.L1	3
ezem-{d}szul-gi	MN.L1	13
ezem-{d}szul-gi	MN.L1		1
ezem-{d}szul-gi-sze3	MN.TERM	1
ezem-{d}szul-gi-ta	MN.ABL	1
ezem-an-na	MN.ABL	1
ezem-an-na	MN.L1	6
ezem-mah	MN.L1	3
ezem-me-ki-gal2	MN.ABS	1
ezem-me-ki-gal2	MN.L1	6
ezem-me-ki-gal2	MN.L1		1
ga	N	13
ga	N.ABS	2
ga2	N	1
ga2-ga2	NF.V.RDP.PF.F	1
ga2-ga2-dam	NF.V.RDP.F.COP-3-SG	1
ga6-ga2	NF.V.PT	2
ga6-ga2	NF.V.PT.TERM	1
ga-a-ga-a-ta	PN.GEN.ABL	1
ga-a-ga-ga-a-ta	PN.GEN.ABL	1
ga-a-me	PN.GEN	3
ga-an-ti-il	MOD.L1-SYN.V.ABS	1
ga-ar3	N	3
gab2-IL2	N	7
gab2-ra	N.GEN	1
gab2-us2	N	1
gab2-us2	N.GEN	1
gaba	N.GEN	1
gaba	NF.V.ABS	1
gaba-asz	N.TERM	4
gaba-ri	N	6
gaba-ta	N.ABL	9
gaba-ta	N.ABL		1
gada	N	3
ga-du	PN.GEN.DAT-H	1
ga-du-sza-na-um	PN.GEN.DAT-H	1
ga-esz{ki}	SN.GEN.ABS	2
ga-esz{ki}	SN.GEN.ABS		1
gag-si-sa2	N	1
gag-su-um	N	1
gal	NF.V.ABS	6
gal2-la	NF.V.PT	1
gal2-la	NF.V.PT.ABS	1
ga-mu	PN.GEN	1
GAN2	N	90
GAN2-gu4	FN.GEN	1
GAN2-mah	FN	1
GAN2-masz	MN	1
GAN2-masz	MN.L1	1
GAN2-masz-ta	MN.GEN.ABL	1
GAN2-ta	N.ABL	9
ga-ni-ta	SN.GEN.ABL	1
ganun-ta	N.ABL	1
ga-rig2	N.ABS	1
gar-sza-na{ki}-ka-ke4	SN.GEN.GEN.ERG	1
ga-sze-a	N	1
gaz	N	1
gaz	N.GEN	1
gazi	N	2
gazi	N.ABS	2
gazx(KUM)	NF.V.ABS	1
gazx(KUM)	NF.V.PT	2
ge6	NF.V.ABS	2
ge6	NF.V.ABS		1
ge6	NF.V.ABS.GEN	1
ge6-ba-a	N	2
ge6-par4-ki-du10	PN.GEN	1
ge6-zal-sze3(KU)	DN.GEN.TERM	1
geme2	N	10
geme2	N.ABS	1
geme2-{d}a-szar2	PN	1
geme2-{d}a-szar2	PN.GEN.DAT-H	1
geme2-{d}a-szar2-ke4	PN.ERG	1
geme2-{d}asznan	PN.DAT-H	1
geme2-{d}dumu-zi-da	PN.DAT-H	2
geme2-{d}en-lil2-la2	PN.DAT-H	1
geme2-{d}ig-alim	PN	1
geme2-{d}isztaran	PN	1
geme2-{d}li9-si4	PN	1
geme2-{d}suen	PN.DAT-H	1
geme2-{d}szara2	PN	1
geme2-{d}szara2	PN.DAT-H	1
geme2-{d}szul-pa-e3	PN.DAT-H	1
geme2-{gesz}gigir	PN	1
geme2-{gesz}gigir	PN.DAT-H	1
geme2-bi	N.3-SG-NH-POSS	3
geme2-bi	N.3-SG-NH-POSS.ABS	3
geme2-bi	NU.3-SG-NH-POSS	1
geme2-dub-la2	PN.DAT-H	1
geme2-eb-gal	PN	1
geme2-mu	N.1-SG-POSS.ABS	1
geme2-nigar{gar}	PN.DAT-H	1
gen-na	NF.V.PT	7
gen-na	NF.V.PT.DAT-H	6
gen-na-me	NF.V.PT.COP-3-PL	1
gesz	N	8
gesz	N.ABS	1
gesz	N.GEN.L1	1
gesz-du3	N.ABS	1
gesz-du3	N.ABS		2
gesz-gar-ra	NF.V.PT	3
gesz-gi-banda3{da}	FN	1
gesz-gi-banda3{da}	FN.ABS	1
gesz-gi-ta	N.ABL	1
gesz-i3	N	7
gesz-i3-bi	N.3-SG-NH-POSS.ABS	3
geszimmar	N.GEN	2
gesz-ir-min-ra-ta	PN.GEN.ABL	1
gesz-kesz2	N	2
gesz-kin-ti	N.GEN	4
gesztin	N	3
gesztu3	N	1
gesz-ur3	N	1
gesz-ur3-ra	NF.V.PT	6
gi	N	19
gi	N.ABS	2
gi	N.GEN	1
gi4	NF.V.ABS	1
gi6-par4	N.GEN	1
gi-apin-ku5-ra2	FN	1
gi-apin-ku5-ra2	FN.L1	1
gibil	NF.V.ABS	2
gibil	NF.V.ABS		1
gibil	NF.V.ABS.L1	1
gibil-ka-i3-sa6	PN.DAT-H	1
gibil-ta	NF.V.ABS.ABL	1
gid2	N	1
gid2-bi	N.3-SG-NH-POSS.ABS	3
gid2-da	NF.V.PT	13
gid2-da	NF.V.PT.GEN.ABS	1
gi-dah-ha	FN.GEN.ABL	2
gi-du3	N	1
gi-du3	N.TERM	1
gig	N	4
gi-gesz	N	1
gi-musz	N	1
gin2	N	268
gin2	N		8
gin2	N.ABS	20
gin2-ta	N.ABL	3
gi-na	N	1
gi-ne2	PN	1
gi-nu-na	PN	1
gir2-su{ki}	SN.GEN	2
gir2-su{ki}	SN.GEN.ERG	1
gir2-su{ki}	SN.GEN.GEN.L1	1
gir2-su{ki}	SN.GEN.L1	2
gir2-su{ki}-ka	SN.GEN.GEN	1
gir2-su{ki}-ke4-ne	SN.GEN.GEN.GEN.PL.ABS	1
gir2-su{ki}-ta	SN.GEN.GEN.ABL	1
gi-ra-num2	N	1
giri17-dab5	N	1
giri3	N	101
giri3	N		2
giri3-{d}ba-ba6-i3-dab5	PN	1
giri3-lam	N	1
giri3-ni	PN.DAT-H	1
giri3-ni-i3-dab5	PN.GEN.DAT-H	1
giri3-ni-i3-sa6	PN	1
giri3-ni-ta	PN.GEN.GEN.ABL	1
giri3-se3-ga	N	10
gi-zi	N.GEN.GEN	1
gu	N	1
gu-...	PN.DAT-H	1
gu2	N	25
gu2-ab-ba{ki}	SN.GEN.L1	2
gu2-ba	N.3-SG-NH-POSS.L1	1
gu2-de3	AN.GEN	1
gu2-de3-na	PN.GEN	1
gu2-edin-na	SN.GEN.L1	1
gu2-gal	N.GEN	1
gu2-na	N.GEN	3
gu2-na	N.GEN.ABS	1
gu2-na-ka	N.GEN.GEN	1
gu2-ra-ti-ir	PN.DAT-H	1
gu3-de2-a	PN	9
gu3-de2-a	PN.DAT-H	1
gu3-de2-a	PN.GEN	1
gu4	N	59
gu4	N		4
gu4	N.ABS	5
gu4	N.ABS		1
gu4	N.GEN	6
gu4	N.GEN.ABS	1
gu4-{gesz}apin	N.GEN.GEN	1
gu4-e	N.L3-NH	1
gu4-e-us2-sa	N	9
gu4-e-us2-sa	N.ABS	6
gu4-e-us2-sa	N.ABS.ABS	1
gu4-e-us2-sa	N.DAH-H	1
gu4-gesz	N	1
gu4-gesz	N.ABS	3
gu4-ra2-bi2-mu2-mu2	MN.L1	3
gu4-suhub2	FN	1
gu4-suhub2	FN.GEN.TERM	1
gu4-ta-bi2-mu2-mu2	MN.L1	1
gu7-de3	NF.V.F.DAT-NH	1
gub-ba	NF.V.PT	11
gub-ba	NF.V.PT.ABS	1
gub-ba	NF.V.PT.GEN.ABS	1
gub-ba	NF.V.PT.GEN.TERM	1
gudu4	N	3
gudu4	N.DAT-H	1
gudu4	N.GEN	1
gu-du-du	PN	1
gu-du-du	PN.DAT-H	1
gu-du-du	PN.GEN	1
gu-ga-ad	PN.DAT-H	1
gukkal	N	7
gukkal	N		1
gukkal	N.ABS	6
gukkal	N.ABS		1
gukkal	N.GEN.ABS	1
gukkal-na-ke4	N.3-SG-H-POSS.GEN.PL.ABS	1
gu-la	NF.V.ABS	1
gu-la	NF.V.ABS.TERM	1
gu-lu5-lu5	PN.DAT-H	1
gun3-a	NF.V.PT		1
gun3-a	NF.V.PT.ABS		2
gu-nigin2-ba	N.3-SG-NH-POSS.L1	3
gur	N	183
gur	N		1
gur	N.ABS	22
gur10-a	NF.V.PT	1
gurdub-sze3	N.TERM	1
gur-ra	N.GEN	1
gur-ra	NF.V.PT	1
gur-ta	N.ABL	3
guru7	N	2
guru7-a	N.L1	3
gurum2	N	5
gurum2	N.ABS	3
gurum2-ak	N.GEN	1
gurusz	N	70
gurusz	N.ABS	2
gurusz-a	N.GEN	1
gurusz-bi	N.3-SG-NH-POSS.ABS	1
gurx(|SZE.KIN|)-a	NF.V.PT	5
gu-u2-gu-a	PN	1
gu-u2-gu-a	PN.GEN	1
gu-za	N	2
gu-za	N.ABS	1
gu-za-an-na	PN.GEN.GEN	1
gu-za-la2	N	2
gu-za-ni	PN.ERG	1
gu-za-ni	PN.GEN	1
guz-za	N	1
guz-za	N.GEN	2
guz-za	NF.V.PT	4
ha-an-za-ab-tum-ma-sze3	PN.GEN.TERM	1
ha-ar-szi	SN.ABS	1
ha-ar-szi{ki}	SN	6
ha-ar-szi{ki}	SN.ABS	2
ha-ba-ba-tum	PN.GEN	1
ha-ba-lu5-ge2	PN.DAT-H	1
ha-ba-lu5-ge2	PN.GEN.ERG	1
had2	NF.V.ABS	4
hal	N	1
ha-la	PN.DAT-H	1
hal-li2-a	PN	1
hal-tur	N	1
ha-ma-ti	PN.DAT-H	1
haszhur	N	1
ha-szi-pa2-tal	PN.ERG	1
he2-dab5	N	1
he2-dab5	N.DAT-H	3
he2-dab5-me	N.ABS.COP-3-PL	1
he2-ma-du	PN.GEN.GEN	1
he2-na-ab-szum2-mu	MOD.FIN.3-SG-H.DAT.3-SG-NH-P.V.3-SG-A	1
he2-sa6	PN	1
he2-ti	PN	1
hi	NF.V.ABS	2
hi-a	NF.V.PT	5
hi-a	NF.V.PT.ABS	3
hi-ba-ri2-tum{ki}	SN.GEN.GEN	1
hu-ba	PN.ERG	1
hu-ba	PN.GEN	1
hu-hu-nu-ri{ki}	SN.ABS	2
hul-a	NF.V.PT	1
hu-la-al	PN.DAT-H	1
hun-ga2	NF.V.PT	7
hu-uh2	SN	1
hu-uh2-nu-ri{ki}	SN.ABS	6
hu-un-hur-ti	PN	1
hu-un-na-ru-um	PN.GEN.DAT-H	1
hu-ur5-bi-sza-am	PN	1
hu-ur5-ti{ki}	SN	1
hu-ur5-ti{ki}	SN.ABS	2
hu-ur5-ti{ki}	SN.ABS		1
hu-ur5-ti{ki}	SN.GEN	1
hu-ur-ti{ki}	SN	1
hu-wa-wa	PN.GEN	1
hu-x	PN.DAT-H	1
i3	N	93
i3	N		2
i3	N.ABS	9
i3	N.GEN.ERG	1
i3-ag2-e-a	FIN.3-SG-HN-P.V.3-SG-A.SUB	1
i3-ba	N	3
i3-bi2-za-asz	N.TERM	1
i3-dab5	FIN.3-SG-H-A.V.3-SG-P	43
i3-dab5	FIN.3-SG-H-A.V.3-SG-P		1
i3-du8	N.ABS	2
i3-dub	N	5
i3-gal2	FIN.L1.V.3-SG-S	30
i3-gara2	N.GEN.DAT-H	1
i3-gesz	N	13
i3-gu	N	1
i3-kal-la	PN	1
i3-kal-la	PN.DAT-H	1
i3-kal-la	PN.ERG	1
i3-kal-la	PN.GEN	1
i3-kal-la-ta	PN.GEN.ABL	1
i3-ku6	N	1
i3-la-...-ta	PN.GEN.ABL	1
i3-la2	FIN.3-SG-H-A.V.3-SG-P	1
i3-la-x	PN.GEN	1
i3-li2-a-hum-ta	PN.GEN.ABL	1
i3-li2-e2-tu-ta	PN.GEN.ABL	1
i3-li2-mu	PN.ERG	1
i3-li2-mu	PN.GEN	1
i3-li2-NE	PN	1
i3-li2-sa6	PN	1
i3-li2-x	PN	1
i3-me-a	FIN.V.3-SG-S.SUB	1
i3-nun	N	7
i3-pa3	FIN.V.3-SG-S	5
i3-szah2	N	3
i3-szah2	N.ABS	1
i3-szah2-ka-sze3	N.GEN.TERM	1
i3-udu	N	2
i7	N	13
i7-da-ta	N.GEN.ABL		1
i7-pa-e3	PN	3
i7-pa-e3	PN.ABS	1
i7-pa-e3	PN.GEN	1
i7-pa-e3	PN.GEN.L2-NH	1
i7-sal4-la{ki}	SN.GEN.L1	1
ib2	N	1
ib2-gid2	FIN.3-SG-NH-L3.V.3-SG-S	1
ib2-gu7	FIN.3-SG-NH-A.V.3-SG-P	1
ib2-szesz4	FIN.3-SG-NH-A.V.3-SG-P	1
i-bi2-{d}suen	RN	1
ib-ni-{d}szul-gi	PN	1
id-da-a	PN.ERG	2
id-gur2	N	6
i-di3-{d}iszkur	PN	1
i-di3-a	PN.DAT-H	1
i-di3-dingir	PN.DAT-H	1
idigna	WN.GEN	2
i-din-er3-ra	PN	1
ig	N	1
ig-bi-dingir	PN	1
igi	N	4
igi	N.ABS	1
igi-{d}szara2-sze3	PN.GEN	1
igi-4(disz)-gal2	NU	6
igi-4(disz)-gal2	NU.ABS	1
igi-6(disz)-gal2	NU	7
igi-6(disz)-gal2	NU.ABS	1
igi-dar	PN.GEN	1
igi-du8	N.GEN	1
igi-gal2-lugal-uru11{ki}-ta	SN.ABL	1
igi-gir2-ni-mu	PN.DAT-H	1
igi-in-sa6-sa6	PN	1
igi-ni-...	PN.DAT-H	1
igi-sa6-sa6	PN	1
igi-sag	NF.V.ABS	1
igi-sag	NF.V.PT	2
igi-sag-ga2	NF.V.PT	1
igi-su4-su4	PN.DAT-H	1
igi-sze3	N.TERM	1
igi-zi	N.GEN	1
im	N	4
im	N.ABS	1
im-ba	N	1
im-babbar2	N	9
im-bi	N.3-SG-NH-POSS.ABS	1
im-du8-a	N	2
imgaga	N	1
im-gen-na-a	FIN.VEN.V.3-SG-S.SUB.L1	1
im-ku3-sig17	N	1
in-a-sze3	N.TERM	1
in-a-szum-ta	PN.GEN.ABL	1
in-da-da	PN	1
in-da-gal2	FIN.3-SG-H.COM.V.3-SG-S	1
in-du3-a	FIN.3-SG-H-A.V.3-SG-P.SUB	4
in-gub	FIN.3-SG-H-A.V.3-SG-P	1
inim	N	3
inim	N.ABS	1
inim-{d}inanna	PN	1
inim-{d}inanna	PN.GEN	1
inim-{d}szara2	PN	1
inim-{d}szara2	PN.DAT-H	1
inim-{d}szara2	PN.ERG	2
inim-{d}szara2	PN.GEN	1
inim-{d}szara2	PN.GEN.DAT-H	1
inim-{d}szara2-ka	PN.GEN	1
inim-bi	N.3-SG-NH-POSS.ABS	1
inim-ma-dingir	PN.GEN.DAT-H	1
inim-ma-ni-zi	PN	1
inim-ma-ta	N.GEN.ABL	1
inim-zu-ha-ra-kal	PN.DAT-H	1
in-la2	FIN.3-SG-H-A.V.3-PL	1
in-la2	FIN.3-SG-H-A.V.3-SG-P	2
in-la2-e-a	FIN.L1.3-SG-NH-P.V.3-SG-A.SUB	1
in-na-ak-a	FIN.3-SG-H.DAT.V.3-SG-S.SUB.L1	1
in-na-szum2-ma	FIN.3-SG-H.DAT.3-SG-H-A.V.3-SG-P.SUB.L1	1
in-ni-gar-ra	FIN.3-SG-H.L2.3-SG-H-A.V.3-SG-P.SUB	1
in-nu	N.GEN	1
in-pa3	FIN.3-SG-H-A.V.3-SG-P	1
in-sa6-sa6	PN.GEN	1
in-sa6-sa6-ta	PN.GEN.ABL	2
in-szi-sa10	FIN.3-SG-H.TERM.3-SG-H-A.V.3-SG-P.SUB	1
in-ta-e3-a	PN.ERG	5
in-ta-e3-a-ta	PN.GEN.ABL	1
in-u	N	1
in-x-x	PN.DAT-H	1
iri	N	1
iri-bar-e	PN.GEN	1
iri-bar-re	PN	1
iri-bar-re	PN.GEN	1
iri-sa12-rig7{ki}-me	SN.GEN.ABS.COP-3-PL	1
iri-sa12-rig7{ki}-ta	SN.GEN.GEN.ABL	1
isin2{si}{ki}-me	SN.GEN.ABS.COP-3-PL	1
ISZ	N	1
i-szar-pa-da-an	PN.DAT-H	1
iszib	N	3
iszib-e-ne	FN.GEN.GEN.L1	1
ISZ-su{ki}	SN	1
iti	N	257
iti	N		9
iti	N.ABL	1
iti-bi	N.3-SG-NH-POSS.ABS	2
iti-da	N	1
iti-da	N.TERM	1
iti-de3	N.L3-NH	1
izi-gu7-bi	N.3-SG-NH-POSS.ABS	1
ka	N	1
KA	N	1
ka	N		1
ka(SAG)-guru7	N.ABS	1
ka2	N	4
ka5-a	PN	1
ka5-a-mu	PN.GEN	1
KA-a-sze3	SN.TERM	1
kab2-du11-ga	NF.V.PT	1
kab2-ku5	N	14
kab2-ku5-a	N.L1.TERM	1
ka-bur	N	1
ka-dar	N	1
ka-ga	N.L1	1
ka-ge	PN	1
ka-gir-ra	N	1
ka-guru7	N.ERG	1
ka-guru7-ta	PN.GEN.ABL	2
kal-ga	NF.V.PT	23
kal-ga	NF.V.PT		1
kal-la	PN	1
kal-la-mu	PN	1
kal-la-mu	PN		1
ka-ma-ri2	FN.GEN.L1	1
ka-ma-ri2{ki}	FN.GEN.L1	1
kar2-kin2-na{ki}	SN.ABS	1
kar-ki-mu-ra	N.L1	1
kar-sze3	N.TERM	1
kar-zi-da	SN.GEN	2
kar-zi-da	SN.GEN.ABS	1
kar-zi-da	SN.GEN.GEN	1
kar-zi-da	SN.GEN.GEN.ABS	6
kas4	N		1
kas4	N.DAT-H	6
kas4	N.GEN.ABS	1
kas4	PN.GEN.L2-NH	1
kas4-e-ne-sze3	N.PL.GEN.TERM	1
kas4-ke4-ne	N.GEN.PL	1
kas4-ta	PN.GEN.ABL	1
kaskal	N.TERM	1
kaskal-sze3	N.TERM	3
kasz	N	134
kasz	N		8
kasz	N.ABS	8
kasz4	N.DAT-H	1
kasz-de2-a	N	1
kasz-de2-a	N.TERM	1
KA-sze3	N.TERM	1
ka-szuba3	GN	1
ka-tab-ba	N	1
ka-tar	PN.ABS	1
ka-tar	PN.GEN	1
KA-TUL2	FN	1
ka-us2-sa2	N	1
ka-us2-sa2	N.DAT-H	1
ka-us2-sa2	N.GEN	1
ka-zal-lu{ki}	SN.GEN.GEN.ABS	1
kesz2-ra2	NF.V.PT	1
ki	N	250
ki	N		2
ki-{d}suen	SN.GEN.TERM	1
ki-ag2	NF.V.ABS	1
ki-ag2-ni	NF.V.PT.3-SG-H-POSS.ERG	1
ki-a-nag	N	3
ki-ba	N.3-SG-NH-POSS.L1	1
ki-BAD-ta	FN.GEN.ABL	1
kid	N	4
kid2	N	11
ki-en-gi	GN	6
kikken-na	N.GEN	2
kikken-ta	N.ABL	1
ki-la2	N	1
ki-la2	N.ABS	1
ki-la2-bi	N.3-SG-NH-POSS.ABS	23
ki-lu5-la	PN	1
ki-lu5-la-ta	PN.GEN.ABL	1
ki-ma-da-sal4-la{ki}	SN.GEN.L1	1
ki-masz{ki}	SN	4
ki-masz{ki}	SN		1
ki-masz{ki}	SN.ABS	20
kin	N	11
kin-{d}inanna	MN.L1	1
ki-na	PN.DAT-H	1
kin-gi4-a	N	9
kin-gi4-a-lugal	N.DAT-H	1
ki-nu-nir{ki}	SN.GEN.L1	1
kir11	N	5
kir11	N		1
kir11	N.ABS	2
kir11-si-ak	MN.L1	1
Kir-ra	SN.GEN.DAT	1
ki-siki-{d}nin-a-zu	MN.L1	4
ki-sikil	PN.DAT-H	1
ki-su7	N	5
ki-su7-ka	N.L1	1
ki-sur-ra{ki}	N.L1	1
kiszib3	N	140
kiszib3	N		2
kiszib3-ba	N	1
kiszib3-ba	N.3-SG-NH-POSS.L1	1
kiszib3-ba	NF.V.PT	1
kiszib3-bi	N.3-SG-NH-POSS.ABS	8
ki-tusz-lu2	PN.DAT-H	1
ki-uri	GN.GEN	5
ki-uri	GN.GEN.ABS	1
KU	N	1
ku3	N	15
ku3	N.ABS	1
ku3-...	PN.GEN	1
ku3-{d}nanna	PN	3
ku3-{d}nanna	PN.DAT-H	1
ku3-{d}nansze-ta	PN.GEN.ABL	1
ku3-{d}nin-ur4-ra	PN	1
ku3-{d}nin-ur4-ra	PN.ERG	1
ku3-{d}nin-ur4-ra	PN.GEN	1
ku3-an	N	1
ku3-babbar	N	19
ku3-babbar	N.ABS	1
ku3-bi	N.3-SG-H-POSS.ABS	2
ku3-bi	N.3-SG-NH-POSS.ABS	45
ku3-dim2	N	1
ku3-dim2	N.GEN	1
ku3-ga-ni	PN	2
ku3-ga-ni	PN.ERG	1
ku3-ga-ni	PN.GEN	2
ku3-sa6-ga	PN.GEN	1
ku3-sig17	N	1
ku4-ra	NF.V.PT	1
ku5	N		1
ku5-da	NF.V.PT	1
ku5-da	PN	1
ku5-da-mu	PN	1
ku5-da-mu	PN.GEN.GEN	1
ku5-ra2	NF.V.PT	1
ku5-ra2-mu	PN.ERG	1
ku6	N	31
ku6	N		3
ku6-bi	N.3-SG-NH-POSS.ABS	2
ku6-sze6	N	4
ku-ba-tum	PN	1
ku-ba-tum	PN.GEN.L1	1
ku-da-<nu>-um	PN	1
ku-da-du	PN.DAT-H	1
ku-du3	N	1
ku-li	PN	1
ku-ni-ta	PN.GEN.ABL	1
kun-zi-da	N	2
kur	N	1
kur-bi-la-ak	PN.DAT-H	1
kur-ka	N.GEN.GEN.GEN	1
kur-ra	N.GEN	1
kur-ra	N.GEN.ABS	2
kuruszda	N.ABS	2
kuruszda	N.ERG	2
kuruszda	N.GEN	7
kuruszda	N.GEN.DAT-H	1
kusz	N	16
kusz3	N	3
kusz3-ta	N.ABL	2
kusz3-ta	N.ABL.ABS	1
kux(KWU147)-ra	NF.V.PT	2
kux(KWU147)-ra-ni-sa6	PN.ERG	1
ku-za	PN.GEN.ABS	1
la2	NF.V.ABS	51
la2	NF.V.ABS		1
la2-a	NF.V.PT	2
la2-a	NF.V.PT.ABS	1
la2-ia3	N	19
la2-ia3-ta	N.ABL	1
la2-mah	FN	1
la2-tur	FN	1
la-a-mu	PN	1
la-a-mu	PN.GEN	1
la-a-sa6	PN.GEN	1
LAGAB-a	N.GEN	1
lagasz{ki}-ke4	SN.GEN.L3-NH	1
la-gi-ip-ta	PN.GEN.ABL	1
lal3	N	3
lal3-mes	PN.ERG	1
la-ma-mu	PN.DAT-H	1
la-na	PN	1
la-ni	PN	1
la-ni-mu	PN	1
libir-am3	NF.V.ABS.ABS.COP-3-SG.DAT-H	1
li-bur-{d}szul-gi	PN	1
li-bur-si2-im-ti	PN	1
lil-la	PN.ABS	1
limmu2-ba	NU.3-SG-NH-POSS.GEN	1
limmu2-ba	NU.3-SG-NH-POSS.GEN.ABS	15
limmu2-ba	NU.3-SG-NH-POSS.GEN.ABS		1
li-sze-na	PN.GEN	1
lu2	N	42
lu2	N.ABS	1
lu2	N.ERG	1
lu2-...	PN.DAT-H	1
lu2-...-ta	PN.GEN.ABL	1
lu2-{d}ab-u2	PN.ERG	1
lu2-{d}ba-ba6	PN	1
lu2-{d}ba-ba6	PN.GEN.GEN.ABS	1
lu2-{d}ba-ba6-ka	PN.GEN.DAT-H	1
lu2-{d}ba-ba6-ta	PN.GEN.ABL	1
lu2-{d}da-mu	PN.DAT-H	1
lu2-{d}en-lil2	PN.GEN	1
lu2-{d}en-lil2-la2	PN	1
lu2-{d}ha-ia3	PN	1
lu2-{d}hendur-sag	PN	1
lu2-{d}igi-ma-sze3	PN	1
lu2-{d}inanna	PN	1
lu2-{d}inanna-ta	PN.GEN.ABL	1
lu2-{d}nanna	PN	3
lu2-{d}nanna	PN.ERG	1
lu2-{d}nanna	PN.GEN.DAT-H	1
lu2-{d}nansze	PN	1
lu2-{d}nin-dar-a	PN	1
lu2-{d}nin-gir2-su	PN	1
lu2-{d}nin-gir2-su	PN.GEN	1
lu2-{d}nin-gir2-su-ta	PN.GEN.ABL	1
lu2-{d}nin-ildu3:ma	PN	1
lu2-{d}nin-szubur	PN	1
lu2-{d}nin-szubur	PN.DAT-H	1
lu2-{d}nin-szubur	PN.GEN	3
lu2-{d}nin-szubur	PN.GEN.DAT-H	1
lu2-{d}nin-szubur-ta	PN.GEN.ABL	2
lu2-{d}nin-ur4-ra	PN.GEN	1
lu2-{d}suen	PN	2
lu2-{d}suen	PN.ABS	1
lu2-{d}suen	PN.GEN	1
lu2-{d}sukkal-an-ka	PN.DAT-H	1
lu2-{d}szara2	PN	5
lu2-{d}szara2	PN.ABS	2
lu2-{d}szara2	PN.DAT-H	2
lu2-{d}szara2	PN.ERG	1
lu2-{d}szara2	PN.GEN	3
lu2-{d}szara2	PN.GEN.DAT-H	1
lu2-{d}szul-gi	PN	1
lu2-{d}szul-gi	PN.GEN	1
lu2-{d}utu	PN	1
lu2-{d}utu	PN.GEN.DAT-H	1
lu2-{d}utu-ta	PN.GEN.ABL	2
lu2-ba-gara2	PN.GEN	1
lu2-bala-sa6	PN.DAT-H	1
lu2-banda3{da}	PN	1
lu2-banda3{da}	PN.DAT-H	1
lu2-banda3{da}	PN.ERG	1
lu2-banda3{da}	PN.GEN	1
lu2-bulug3-ga2	PN	1
lu2-dingir-ra	PN	9
lu2-dingir-ra	PN.DAT-H	3
lu2-dingir-ra	PN.ERG	5
lu2-dingir-ra	PN.GEN	2
lu2-dingir-ra-ka	PN.GEN.ABL	1
lu2-dingir-ra-ta	PN.GEN.ABL	5
lu2-du10-ga	PN	4
lu2-du10-ga	PN.ABS	1
lu2-du10-ga	PN.DAT-H	1
lu2-du10-ga	PN.GEN.GEN.GEN	1
lu2-eb-gal	PN	2
lu2-eb-gal	PN.DAT-H	1
lu2-eb-gal	PN.GEN	1
lu2-ga	PN.ERG	1
lu2-ga	PN.GEN	1
lu2-gi-na	PN	1
lu2-gi-na	PN.ERG	1
lu2-gi-na	PN.GEN	3
lu2-gi-na	PN.GEN.GEN	1
lu2-gi-na-ta	PN.GEN.ABL	2
lu2-gir2-su{ki}	PN	1
lu2-giri17-zal	PN	1
lu2-giri17-zal	PN.DAT-H	1
lu2-giri17-zal	PN.GEN.GEN	1
lu2-giri17-zal-ta	PN.GEN.ABL	1
lu2-gu2-gal	PN	1
lu2-gu-la	PN	1
lu2-gu-la	PN.GEN.DAT-H	2
lu2-ha-bi2-lum	PN	1
lu2-he2-gal2	PN.ERG	1
lu2-hu-rim3{ki}-ta	PN.GEN.ABL	1
lu2-igi	PN	1
lu2-igi-sa6-sa6-ta	PN.GEN.ABL	3
lu2-inim-ma-bi-me	N.3-SG-NH-POSS.ABS.COP-3-PL	2
lu2-iri-sag	PN.GEN	2
lu2-iri-sag-ki-ta	PN.GEN.ABL	2
lu2-kal-la	PN	3
lu2-kal-la	PN.DAT-H	4
lu2-kal-la	PN.GEN	6
lu2-kal-la	PN.GEN.ERG	1
lu2-kal-la-ta	PN.GEN.ABL	1
lu2-ma2-gur8-re	PN	1
lu2-me-lam2-ma-ta	PN.GEN.ABL	1
lu2-na	PN.ERG	1
lu2-nig2-lagar-e-ta	PN.GEN.ABL	1
lu2-nigin6{ki}-ke4	PN.GEN.ERG	1
lu2-nin-ga2-ka	PN.GEN	1
lu2-pa3-da	PN	1
lu2-sa6-i3-zu	PN	1
lu2-sa6-i3-zu	PN.GEN	3
lu2-sa6-i3-zu-ta	PN.GEN.ABL	1
lu2-saga	PN.ERG	1
lu2-su4	PN	1
lu2-sza-lim	PN	2
lu2-sza-lim	PN.DAT-H	1
lu2-sze-...	PN.DAT-H	1
lu2-tur-tur	PN	1
lu2-u18-um	N	1
lu2-u2-me	PN.DAT-H	1
lu2-uru11{ki}	PN	3
lu2-uru11{ki}	PN.ERG	1
lu2-x-...	PN	1
lu2-zabala3	PN	1
lu5-lu5	PN.GEN.GEN	1
lugal	N	98
lugal	N		3
lugal	N.ABS	12
lugal	N.COP-3-SG	4
lugal	N.DAT-H	5
lugal	N.DAT-H		1
lugal	N.ERG	2
lugal	N.GEN	34
lugal	N.GEN.ABS	10
lugal	N.GEN.DAT-H	4
lugal	N.GEN.GEN	5
lugal	N.GEN.TERM	3
lugal-...	PN.DAT-H	2
lugal{al}-bi	N.GEN.DEM2.ABS	1
lugal-{d}lamma	PN.DAT-H	1
lugal-{d}utu	PN	1
lugal-{gesz}gigir-re	PN.DAT-H	1
lugal-{gesz}kiri6	PN	2
lugal-a2-zi-da	PN	1
lugal-a2-zi-da-ta	PN.GEN.ABL	2
lugal-am-gal	PN.GEN	1
lugal-a-mu	PN.DAT-H	1
lugal-an-dul3	PN.GEN	2
lugal-a-ni-sa6-sze3	PN.GEN.TERM	1
lugal-bad3	PN.DAT-H	1
lugal-banda3{da}	PN	1
lugal-dingir-ra	PN	1
lugal-dub-la2	PN.GEN	2
lugal-e	N.ERG	17
lugal-e2-mah-e	PN	2
lugal-e2-mah-e	PN.ERG	2
lugal-e2-mah-e	PN.GEN	2
lugal-e2-mah-e	PN.GEN.DAT-H	1
lugal-e-ba-an-sa6	PN	1
lugal-e-ba-an-sa6	PN.DAT-H	1
lugal-e-ba-an-sa6	PN.ERG	1
lugal-e-ba-an-sa6	PN.GEN	1
lugal-engar-du10	PN.GEN	1
lugal-en-nun	PN.GEN	1
lugal-ezem	PN	4
lugal-ezem	PN.ABS	1
lugal-ezem	PN.DAT-H	1
lugal-ezem	PN.ERG	1
lugal-ezem	PN.GEN	2
lugal-ezem-ta	PN.GEN.ABL	1
lugal-ezem-ta	PN.GEN.ABL		1
lugal-gaba	PN	1
lugal-GAN2-x	PN	1
lugal-gu4-mah	PN	1
lugal-gu4-mah	PN.ERG	2
lugal-ha-ma-ti	PN	1
lugal-he2-gal2	PN	3
lugal-he2-gal2	PN.ERG	1
lugal-he2-gal2	PN.GEN	1
lugal-he2-gal2-ta	PN.GEN.ABL	1
lugal-hi-li	PN	2
lugal-hi-li	PN.ERG	1
lugal-i3-di3-sze3	PN.GEN.TERM	1
lugal-i3-sa6	PN.GEN.DAT-H	1
lugal-ibila	PN	1
lugal-igi-husz	PN	1
lugal-igi-husz	PN.DAT-H	1
lugal-igi-husz	PN.GEN	1
lugal-inim-du10-ga	PN.GEN	1
lugal-inim-gi-na	PN	1
lugal-inim-gi-na	PN.GEN	1
lugal-iri-da	PN.ERG	1
lugal-iti-da	PN	4
lugal-iti-da	PN.DAT-H	1
lugal-iti-da	PN.GEN	1
lugal-ka-sze3	N.GEN.GEN.GEN.TERM	1
lugal-ke4	N.GEN.GEN.L3-NH	1
lugal-ki-gal-la	PN.GEN.ABL	2
lugal-kisal	PN.DAT-H	1
lugal-ku3-ga-ni	PN.GEN	2
lugal-ku3-zu	PN	7
lugal-ku3-zu	PN.ABS	1
lugal-ku3-zu	PN.GEN	4
lugal-ku3-zu-ta	PN.GEN.ABL	2
lugal-lu2-sa6-sa6	PN	1
lugal-lu2-sa6-sa6	PN.GEN	1
lugal-lu2-sa6-sa6-ta	PN.GEN.ABL	1
lugal-ma2-gan-x	PN.DAT-H	1
lugal-ma2-gur8-re	PN.ABS	1
lugal-ma2-gur8-re	PN.DAT-H	1
lugal-ma2-gur8-re	PN.GEN	1
lugal-mas-su	PN.ERG	1
lugal-mas-su2	PN	1
lugal-masz-zu	PN	1
lugal-me3-ta	PN.GEN.ABL	1
lugal-me-a	PN	1
lugal-me-du10-ga	PN	1
lugal-me-lam2	PN	1
lugal-mu	N.1-SG-POSS	1
lugal-mudra5	PN	2
lugal-mudra5	PN.GEN	2
lugal-mu-ma-ag2	PN.ABS	3
lugal-mu-x	PN.DAT-H	1
lugal-nesag-e	PN	2
lugal-nesag-e	PN.DAT-H	1
lugal-nesag-e	PN.ERG	1
lugal-nesag-e-sze3	PN.GEN.TERM	1
lugal-nig2-lagar-e	PN.DAT-H	1
lugal-nig2-lagar-e	PN.GEN	2
lugal-nig2-lagar-e	PN.GEN		1
lugal-nig2-lagar-e-ta	PN.GEN.ABL	1
lugal-nig2-nesag-e	PN	1
lugal-ni-mah	PN.DAT-H	1
lugal-nir	PN	1
lugal-nir	PN.GEN	1
lugal-nir	PN.GEN.ABL	1
lugal-pa-e3	PN	1
lugal-sa6-ga	PN.GEN	2
lugal-sa6-ga	PN.GEN.ABS	1
lugal-sa6-i3-zu	PN	1
lugal-si-NE-e	PN	1
lugal-si-NE-e	PN.ERG	1
lugal-si-sa2	PN.DAT-H	1
lugal-sze3	N.GEN.TERM	2
lugal-szu-da-ri2	PN.DAT-H	1
lugal-ta	N.GEN.ABL	1
lugal-ukken-ne2	PN.ABS	1
lugal-ukken-ne2	PN.DAT-H	1
lugal-uri3	PN.ERG	1
lugal-uszumgal-ta	PN.GEN.ABL	1
lugal-uszur4	PN.ABS	1
lugal-uszur4	PN.DAT-H	1
lugal-uszur4	PN.GEN	2
lugal-uszurx(|LAL2.TUG2|)	PN	1
lugal-uszurx(|LAL2.TUG2|)	PN.GEN	1
lugal-uszurx(|LAL2.TUG2|)	PN.GEN.GEN	1
lugal-x	PN.DAT-H	1
lugal-x-sar	PN.DAT-H	1
lugal-za3-ge	PN.ERG	1
lugal-za3-ge-si	PN	1
lukur	N	2
lukur-kal-la	PN.DAT-H	2
lu-lu-bu	SN.ABS	2
lu-lu-bu{ki}	SN.ABS	2
lu-lu-bu-um{ki}	SN	1
lu-lu-bu-um{ki}	SN.ABS	1
lunga	N.GEN	2
ma2	N	27
ma2	N.ABS	7
ma2	N.L1	1
ma2-a	N.L1	3
ma2-da-ga-asz	SN.TERM	1
ma2-dara3-abzu	ON	2
ma2-gur8	N	1
ma2-gur8-mah	N.ABS	3
ma2-gur8-re	PN	1
ma2-gur8-re	PN.ERG	1
ma2-lah5	N	1
ma2-lah5	N.GEN	1
ma2-lah5	N.GEN.GEN	1
ma-ab-szum2-ma	VEN.DAT.3-SG-NH-P.V.3-SG-A.SUB	1
ma-an-ba-ta	PN.GEN.ABL	1
ma-an-szum2	PN.GEN	1
ma-an-szum2-ta	PN.GEN.ABL	1
ma-da	N	16
ma-da	N.GEN.ABS	9
ma-da-a	PN.GEN	1
ma-da-bi	N.3-SG-NH-POSS.ABS	1
ma-da-da	PN.GEN	1
ma-da-ke4-ne	N.GEN.GEN.PL	1
mah	N.ABS.ABS	1
mah	NF.V.ABS.ABS	1
ma-na	N	47
ma-na	N.ABS	5
ma-nu	N	1
mar	N	1
mar-ha-szi{ki}	SN.GEN.GEN	2
mar-sa	N	1
mar-sa	N.L1	1
mar-sa-asz	N.TERM	1
mar-tu	EN	4
mar-tu	EN		1
mar-tu	EN.ABS	7
mar-tu	EN.ABS		1
mar-tu	EN.DAT-H	1
mar-tu	EN.DAT-NH	1
mar-tu	N.ABS	1
mar-za	N	1
masz	N	5
masz2	N	51
masz2	N.ABS	8
masz2	N.ABS		1
masz2-...	N	1
masz2-da-re6-a	N	2
masz2-e	N.L3-NH	1
masz2-gal	N	22
masz2-gal	N		3
masz2-gal	N.ABS	3
masz2-gal	N.ABS		1
masz2-nita2	N.ABS	1
masz-da	N	1
masz-da3	N	3
masz-da3	N.ABS	1
masz-da3-gu7	MN.L1	5
masz-da3-gu7-ta	MN.ABL	3
masz-da3-munus	N.ABS	1
masz-da3-nita2	N	1
masz-da5-gu-la	PN.ABS	1
masz-e	N.L3-NH	4
masz-gu-la-ta	PN.GEN.ABL	1
masz-kan2	SN	1
masz-kan2{ki}	SN.GEN	1
masz-kan2-szabra{ki}-me	SN.GEN.ABS.COP-3-PL	1
masz-kan2-u2-szu-re2{ki}	SN.GEN.ERG	1
maszkim	N	5
maszkim	N.ABS	6
maszkim-bi-me	N.3-SG-NH-POSS.ABS.COP-3-PL.SUB.ABS	1
masz-ku3-gu7	MN.L1	1
masz-um	PN	1
ma-ti-lum	PN	1
me-{d}isztaran	PN	1
me-e2-gal-ta	PN.DAT-H	1
me-e2-zi-ta	PN.DAT-H	1
me-en-kar2	FN.ABS	1
me-ni-ku3	PN.DAT-H	1
me-pa-e3	PN	1
mer	N	1
mes-e2	PN.DAT-H	1
min3-esz3	MN.L1	1
min-esz3	MN.L1	7
min-esz3-sze3	MN.TERM	1
min-esz3-ta	MN.ABL	1
min-kam	NU.GEN.COP-3-SG	1
mu	N	327
mu	N		4
mu6-sub3(GU4)	N	1
mu-bi	N.3-SG-NH-POSS.ABS	1
mu-da-gen-na-a	VEN.3-NH.COM.V.3-SG-S.SUB.L1	1
mu-da-sa6	PN.DAT-H	1
mu-du3	VEN.3-SG-H-A.V.3-SG-P	10
mu-du3-a	VEN.3-SG-H-A.V.3-SG-P.ABS	1
mug	N	2
muhaldim-ra	N.DAT-H	1
mu-hul	VEN.3-SG-H-A.V.3-SG-P	19
mu-hul-sze3	VEN.3-SG-H-A.V.3-SG-P.TERM	1
mu-kux(DU)	N	10
mu-kux(DU)	N		1
mu-kux(DU)	N.ABS	4
mu-kux(DU)	VEN.3-SG-DAT.L1.3-SG-H-A.V.3-PL	1
mu-kux(DU)	VEN.3-SG-H-DAT.L1.3-SG-H-A.V.3-PL	1
mu-kux(DU)	VEN.L1.3-SG-H-A.V.3-PL	6
mun	N	2
mu-na-dim2	VEN.3-SG-H.DAT.V.3-SG-P	1
mu-na-du3	VEN.3-SG-H.DAT.3-SG-H-A.V.3-SG-P	1
mu-na-ru	VEN.3-SG-H.DAT.3-SG-H-A.V.3-SG-P	1
mu-na-si	PN.DAT-H	1
mu-ne-dim2	VEN.3-PL.DAT.3-SG-H-A.V.3-SG-P	1
mu-ne-dim2-sze3	VEN.3-PL.DAT.3-SG-H-A.V.3-SG-P.TERM	1
mu-ne-du3	VEN.3-PL.DAT.3-SG-H-A.V.3-SG-P	4
mu-ni-im	N.3-SG-H-POSS.ABS.COP-3-SG	1
mu-ni-sze3	N.3-SG-H-POSS.TERM	1
munu4	N	1
munu4-a-sze3	N.GEN.TERM	1
munu4-gu7	MN	1
munu4-gu7	MN.L1	2
munus	N	1
munus-saga	PN	1
murgu2	N	3
mur-gu4	N	3
mu-ri-a-na-ba-ak	SN.GEN.L1	1
mu-ri-iq-ti-id-ni-im	ON.ABS	2
muru13	FN	2
musz-bi-an-na	FN.GEN	1
musz-bi-an-na	FN.L1	1
muszen-du3	N	2
mu-szu-du7	MN.L1	2
n	NU	38
n	NU.ABS	1
n(ban2)	N	1
n(barig)	N	2
n(bur3)	N	1
n(esze3)	N	1
n(iku)	N	1
na	N	1
na-ba-du3	MOD.MID.L2.V.PF.3-SG-S	1
na-ba-sa2	PN	1
na-ba-sa2	PN.ERG	2
na-ba-sa6	PN	2
na-ba-sa6	PN.GEN	3
na-ba-x	PN.GEN	1
naga	N	76
naga	N		4
naga	N.ABS	7
na-ga-ab-tum	N.L1	1
na-gab2-tum	N.GEN.GEN	1
na-gada	N.GEN	1
nagar	N	1
nagar	N.GEN	1
nagar-me	N.ABS.COP-3-PL	1
nagga	N	1
nag-sze3	NF.V.ABS.TERM	1
na-ki-ki	PN.DAT-H	1
na-lu5	PN.ERG	3
na-lu5-ta	PN.GEN.ABL	5
na-lul	PN.GEN	1
na-mah	N.ABS	1
nam-ha-ni	PN	2
nam-ha-ni-ta	PN.GEN.ABL	1
na-mi-gur-re	MOD.VEN.3-SG-NH.L2.3-SG-NH-P.V.3-SG-A	1
nam-iri-na	PN	1
nam-iri-na	PN.GEN	1
nam-lugal-i3-du10	PN	1
nam-mah	PN	1
nam-mah	PN.GEN.L2-NH	1
nam-nin-a-ni-du10	PN	1
nam-sza3-tam	N	3
nam-szusz3-ta	N.GEN.ABL	1
nam-ti	N	1
nam-ti-il	N	1
nam-x-ni	N.GEN.ABS	1
na-ni	PN	1
na-ni-ta	PN.ABL	1
na-ra-am-{d}suen	RN.GEN.TERM	2
na-ra-am-i3-li2	PN	2
na-ra-me-a	PN.DAT-H	1
nar-nita2	PN	1
na-ru2-a	N	2
na-ru2-a	N.ABS	1
na-ru2-a-mah	N	1
na-ru2-a-mah	N.ABS	6
na-sa6	PN.ERG	2
na-sa6	PN.GEN	1
na-sa6	PN.GEN.ABL	1
na-sa6-ta	PN.GEN.ABL	3
na-sa6-ta	PN.GEN.ABL		1
na-silim	PN	1
na-silim	PN.GEN	1
na-silim	PN.GEN.ABS	2
na-silim-ta	PN.GEN.GEN.ABL	1
NE-du8-hu-li2{ki}-sze3	SN.TERM	1
ne-mur-sze3	N.TERM	1
nesag	MN.L1	4
nesag	MN.L1		1
nesag	N	1
ne-sag-ga2	N.GEN	1
nesag-sze3	N.TERM	1
nesag-ta	MN.ABL	1
ni	N.ABS	1
nibru{ki}	SN.GEN.ERG	1
nibru{ki}	SN.GEN.L1	5
nibru{ki}	SN.L1	1
nibru{ki}-sze3	SN.TERM	2
nibru{ki}-ta	SN.ABL	2
NIG2	N	1
nig2-{d}ba-ba6	PN.ERG	1
nig2-{gesz}tag-ga	N	2
nig2-ar3-ra	N	5
nig2-ar3-ra	N.ABS	2
nig2-ba	N	3
nig2-dab5	N	13
nig2-dab5-ba-ke4-ne	N.GEN.PL.ABS	1
nig2-du11-ga-ni-sze3	PN.GEN.TERM	1
nig2-du7	PN.GEN.DAT-H	1
nig2-en	N.GEN	1
nig2-ezem-ma	N	1
nig2-gal2-la	N	2
nig2-gur11	N	5
nig2-ka9	N	4
nig2-ka9-ak	N	14
nig2-ka9-ak	N.GEN	4
nig2-ka9-ak-sze3	N.TERM	1
nig2-kal-la	PN.DAT-H	1
nig2-ki	N	9
nig2-ki-zah2	N	1
nig2-ki-zah3	N	1
nig2-lagar-e	PN	1
nig2-lagar-e	PN.GEN	1
nig2-lam2	N	3
nig2-lam2	N.GEN	4
nig2-luh	N	1
nig2-mu10-us2-sa	N.ABS	1
nig2-mu10-us2-sa2	N	1
nig2-sa10	N	1
nig2-sa10-a-ni	N.3-SG-H-POSS	1
nig2-sa6-ga-ka-ni	N.GEN.3-SG-H-POSS.L1	1
nig2-szuku	N	4
nig2-u2-rum	PN	1
nig2-u2-rum	PN.ERG	1
niga	NF.V.ABS	86
niga	NF.V.ABS		2
niga	NF.V.ABS.ABS	49
niga	NF.V.ABS.ABS		4
niga	NF.V.ABS.GEN	2
nigar{gar}-ki-du10	PN	2
nigar{gar}-ki-du10	PN.GEN.ABS	1
nigar{gar}-ki-du10-ta	PN.GEN.ABL	1
nigin2	N	1
nigin6{ki}-sze3	SN.GEN.GEN.TERM	1
nigin6{ki}-sze3-du	WN.GEN.L1	1
nimgir-an-ne2	PN.GEN	1
nimgir-di-de3	PN	1
nimgir-di-ne	PN	1
nimgir-inim-gi-na	PN	1
nimgir-sza3-kusz2-an-na	PN.GEN	1
nin-{d}ku3-sig17	PN.DAT-H	1
nin10-nu-du3-ta	FN.ABL	1
nin9-ad-da	PN.DAT-H	1
nin9-gi-na	PN	1
nin9-kal-la	PN	1
nin9-kal-la	PN.DAT-H	1
nin9-ku-li	PN.DAT-H	1
nin9-kur-ma	PN.DAT-H	1
nin9-tur-tur-ra-kam	PN.GEN.COP-3-SG	1
nin-agrig-zi	PN.DAT-H	1
nin-a-ni	N.3-SG-H-POSS.DAT-H	1
nin-a-zu	PN.DAT-H	2
nin-ba-tuku-szem5-du10-gal	PN.DAT-H	1
ninda	N	112
ninda	N		5
ninda	N.ABS	7
ninda-ta	N.ABL	2
nin-dingir-ra	PN.GEN	1
nin-e2-gal-e	PN	3
nin-e2-gal-e	PN.DAT-H	1
nin-e-ba-an-sa6	PN.DAT-H	1
nin-en-sa6	PN.DAT-H	2
nin-ga2	PN.GEN	1
nin-geszkim-zi	PN	2
nin-geszkim-zi	PN.DAT-H	1
nin-geszkim-zi	PN.GEN	1
nin-he2-du7	PN	1
nin-inim-gi-na	PN	1
nin-inim-gi-na	PN.DAT-H	1
nin-kal-la	PN.DAT-H	1
nin-ku3-zu	PN.DAT-H	1
nin-ma2-gur8-re	PN	1
nin-me-a	PN.DAT-H	1
nin-me-lam2	PN	1
nin-me-lam2	PN.GEN	1
nin-nam-mah-zu	PN	1
nin-nam-mah-zu	PN.DAT-H	2
nin-ta	N.GEN.ABL	1
nin-za3-ge-si	PN.DAT-H	1
nir-i3-da-gal2	PN.ERG	1
nita	N	13
nita2-sa6-ga-sze3	PN.GEN.TERM	2
n-kam	NU.GEN.COP-3-SG	2
n-kam	NU.GEN.COP-3-SG.L1	1
n-sze3	NU.TERM	1
nu	NF.V.ABS	3
nu-{gesz}kiri6-ke4-ne	N.GEN.PL	1
nu-banda3	N	4
nu-banda3	N.ABS	1
nu-banda3	N.ERG	8
nu-banda3	N.GEN	1
nu-banda3	N.GEN.DAT-H	2
nu-banda3-da	N.COM	1
nu-banda3-gu4	N	5
nu-banda3-gu4	N.GEN	2
nu-banda3-gu4	N.GEN.GEN	1
nu-banda3-gu4	N.GEN.GEN.GEN	1
nu-banda3-sze3	N.GEN.TERM	1
nu-dab5	N	1
nu-dab5-sze3	NEG.NF.V.PT.TERM.GEN.ABS	1
nu-da-tum	PN	1
nu-e3	NEG.NF.V.F	1
nu-esz3	N	1
nu-gi4-gi4-da	NEG.NF.V.RDP.F	1
nu-hi-dingir	PN	1
nu-hi-dingir	PN.DAT-H	1
nu-hi-lum	PN	1
nu-la2	NEG.3-SG-NH-A.V.3-SG-P.SUB	1
numun	N	1
numun-na	N.GEN	1
Nun-ki	PN.ABS	1
nun-ta	N.GEN.ABL	1
nu-ra-a	PN.GEN	1
nu-tuku	NEG.NF.V.PT	4
nu-tuku-me	NEG.NF.V.PT.ABS.COP-3-PL	1
nu-u3-zu	NEG.FIN.3-SG-H-A.V.3-PL.SUB.ABS	1
nu-ub-tuku	NEG.FIN.3-SG-NH.V.3-SG-S	1
nu-ur2-{d}iszkur-ta	PN.GEN-ABL	1
nu-ur2-i3-li2	PN	3
nu-ur2-i3-li2	PN.DAT-H	1
nu-zi	NEG.NF.V.PT	1
nu-zi-zi	NEG.NF.V.RDP.PT.ABS	1
pa	N	1
PA	N	2
PA	N.ABS	3
pa3-da	PN	1
pa4-u2-e	MN.L1	6
pa4-u2-e	MN.L1		1
pa5-u2-e	MN.L1	1
pa-ku5	N	1
pa-ku5	N.ABS	1
pesz	NF.V.ABS	1
pisan	N	2
pisan-dub-ba	N	36
pu-ut-tu-li-um{ki}	SN.GEN.ERG	1
puzur4-{d}|GISZxX|	PN	1
puzur4-{d}da-gan	SN.ABS	1
puzur4-{d}en-lil2	PN	1
puzur4-{d}en-lil2	PN.DAT-H	1
puzur4-{d}en-lil2-la2	PN.GEN	1
puzur4-{d}en-lil2-ta	PN.GEN.ABL	1
puzur4-{d}iszkur	PN.GEN.ABL	1
puzur4-{d}nanna	PN.GEN	1
puzur4-{d}nin-kar-ak	PN	1
puzur4-{d}suen	PN.DAT-H	1
puzur4-a-szur3	PN.DAT-H	1
puzur4-da-gan	SN.ABS	1
puzur4-esz18-dar	PN.GEN	1
puzur4-esz18-dar	PN.GEN.DAT-H	1
puzur4-esz-dar	PN	1
puzur4-ga-ga-ta	PN.GEN.ABL	1
puzur4-i3-li2	PN.DAT-H	1
puzur4-isz-{d}da-gan	SN.ABS	2
puzur4-isz-{d}da-gan	SN.GEN.ABS	1
puzur4-isz-{d}da-gan	SN.GEN.L1	2
ra2-gaba	N	2
ra2-gaba	N.DAT-H	1
ra2-gaba	N.GEN.L1	1
ra2-gaba-da	N.COM	1
ra-a	NF.V.PT	1
ri-ri-ga	NF.V.PT	2
ri-ri-ga-am3	NF.V.PT.ABS.COP-3-SG.ABS	1
ru-ba-tum-ka	N.GEN.GEN.L1	1
sa	N	53
sa	N		2
sa10-am3	NF.V.PT.COP-3-SG	2
sa10-sa10-de3	NF.V.RDP.F.DAT-NH	2
sa12-du5	N.GEN	1
sa2	N	1
sa2-du11	N	14
sa2-du11	N.GEN	1
sa-a	ON.GEN	1
sa-bar-ra-ke4-ne	N.GEN.PL	1
sa-bu-um{ki}-sze3	SN.TERM	1
sa-bu-um{ki}-ta	SN.ABL	1
sa-dur2-ra	N	2
sag	N	4
sag	NF.V.ABS	1
sag-{d}nanna-zu	PN	1
saga	NF.V.ABS	63
saga	NF.V.ABS		5
saga	NF.V.ABS.ABS	3
saga	NF.V.ABS.GEN.ABS	1
saga-ta	NF.V.ABS.ABL	2
sa-gaz-ak-sze3	SN.TERM	1
sag-da-na	PN.GEN.GEN	1
sag-da-na	PN.GEN.GEN.L1	1
sag-ga2	NF.V.PT	1
sagi	N	2
sagi	N.ABS	1
sagi	N.GEN	1
sa-gi4-a	NF.V.PT	1
sagi-ne	PN.GEN	1
sag-kesz2	N	1
sag-ku3	PN.GEN	1
sag-ku5	PN.GEN.ABS	1
sag-kul	N	1
sag-nig2-gur11-ra	N	6
sag-nig2-gur11-ra-kam	N.ABS.COP-3-SG	3
sag-ub3{ki}-ta	SN.ABL	1
sahar	N	1
sahar	N.ABS	2
sahar	N.GEN	5
sahar-ba	N.3-SG-NH-POSS.GEN	4
sahar-u2-u2	SN.GEN.L1	1
sahar-u2-u2-ta	SN.ABL	1
sal-le-sa6	FN	1
sanga	N	2
sanga	N.ERG	2
sanga	N.GEN	1
sar	N	27
sar	N.ABS	6
sar-ta	N.ABL	5
sa-ta	N.ABL	2
se3-ga	NF.V.PT	1
ses-da-gu7	MN.L1	6
si2-si2-ni	PN.DAT-H	1
SI-A-a	PN.GEN	1
si-e3	NF.V.ABS.ABS	1
si-e3	NF.V.PT	7
sig15	N	1
sig15-ga	NF.V.PT	1
sig4	N	1
sig4	N.GEN	1
sig4-{gesz}i3-szub-ba-gar	MN.L1	2
sig4-{gesz}i3-szub-ba-gar	MN.L1		1
sig4-{gesz}i3-szub-gar	MN	1
sig4-ar-ha	PN.GEN.DAT-H	1
sig4-ga	MN.L1	1
sig4-ga-ka	MN.L1	1
sig4-te-la2-ni	PN.ERG	1
sig4-u3-szub-ba-gar-ta	MN.ABL	1
SIG7	N	1
SIG7-a	PN.DAT-H	1
SIG7-a-ra	PN	1
si-ga	NF.V.PT	8
si-i3-tum	N	5
siki	N	12
siki	N.ABS	2
siki	N.L1	2
siki-bi	N.3-SG-NH-POSS.ABS	3
siki-gi	N	3
siki-gi	N.ABS	1
siki-kur-ra	N	3
siki-sze3	N.GEN.TERM	1
siki-ud5	N	2
sila	N	1
sila3	N	370
sila3	N		11
sila3	N.ABS	6
sila3-ta	N.ABL	8
sila4	N	37
sila4	N		1
sila4	N.ABS	27
sila4	N.GEN	1
sila4-ga	N.GEN	1
silim-ma	NF.V.PT	1
si-ma-num2	SN.ABS	1
si-ma-num2{ki}	SN	1
si-ma-num2{ki}	SN.ABS	9
simug	N.DAT-H	1
si-mu-ru-um	SN	1
si-mu-ru-um{ki}	SN	4
si-mu-ru-um{ki}	SN.ABS	9
si-mu-ur4-ru-um{ki}	SN.ABS	1
sipa	N	13
sipa-e-ne	N.PL	1
sipa-ta	N.GEN.ABL	2
si-ra-am	PN	1
si-sa2-ka	WN.GEN.L1	1
siskur2	N	15
su3	NF.V.ABS	1
su3	NF.V.ABS.ABS	2
su3	NF.V.ABS.GEN	1
su3-he2	N.ABS	1
su4	NF.V.ABS	1
su4-a	NF.V.ABS	1
su-ba	N.3-SG-NH-POSS.L1	1
su-ba	NF.V.PT	1
su-ba	NF.V.PT.ABS	1
su-ga	NF.V.PT	6
su-ga	NF.V.PT.ABS	1
suh-gibil-du3-a	WN.L1	1
suhur	N	1
sukkal	N	5
sukkal	N.DAT-H	15
sukkal	N.ERG	2
sukkal	N.GEN	7
sukkal	N.GEN.DAT-H	2
sullimx	N	1
sullimx	N.GEN	1
sumun	NF.V.ABS	6
sur-sur-ra-ta	NF.V.RDP.ABS.GEN.GEN.ABL	1
su-su	NF.V.RDP.PF	1
su-su-dam	NF.V.RDP.F.ABS.COP-3-SG	3
sza13-dub-ba	N	2
sza13-dub-ba	N.DAT-H	1
sza13-dub-ba	N.GEN	2
sza13-dub-ba-ka	N.GEN	1
sza3	N	65
sza3	N		1
sza3-ad-da	PN.DAT-H	1
sza3-asz-ru-um{ki}	SN.ABS	1
sza3-asz-ru-um{ki}	SN.ABS		1
sza3-ba	N.3-SG-NH-POSS.L1	1
sza3-bala	NF.V.PT.ABS	1
sza3-ba-na-sig	PN.GEN.GEN	1
sza3-bi	N.3-SG-NH-POSS.ABL	1
sza3-bi-ta	N.3-SG-NH-POSS.ABL	16
sza3-ga	N.GEN	1
sza3-gal	N	12
sza3-gal	N		1
sza3-ga-na	PN	1
sza3-ge	N.L2	1
sza3-gu2-bi	PN.DAT-H	1
sza3-gu4	N	2
sza3-gu4-me	N.ABS.COP-3-PL	1
sza3-iri	PN.DAT-H	3
sza3-ku3-ge	PN.ERG	1
sza3-ra	N	1
sza3-sahar	N.GEN.GEN	1
sza3-ta-ku3-zu	PN	1
sza-asz-ru{ki}	SN.ABS	10
sza-asz-ru-um{ki}	SN.ABS	3
sza-asz-szu2-ru{ki}	SN	1
sza-asz-szu2-ru-um{ki}	SN.ABS	4
sza-at-{d}ma-mi	PN.DAT-H	1
szabra	N.ABS	1
szabra	N.DAT-H	1
szabra	N.ERG	2
szabra	N.GEN	2
szabra	PN.GEN	1
szabra(AL)	N	1
szabra-sze3	N.GEN.TERM	1
szagina	N.GEN	1
szah2	N	2
szah2	N.GEN	2
szah2-NE-tur	N	2
szah2-nita2	N	2
szakkan2	N	1
szakkan6	N.GEN.DAT-H	1
sza-lim-be-li2	PN.GEN	1
szandana	N.DAT-H	1
szandana-ta	N.GEN.ABL	1
szar2-ra-ab-du	N.DAT-H	1
szar2-ra-ab-du	N.GEN	2
szar3	NF.V.ABS	2
szar3	NF.V.ABS.TERM	1
szar-ru-um-ba-ni	PN	1
szar-ru-um-i3-li2	PN.GEN	1
sze	N	127
sze	N.ABS	39
sze	N.GEN	3
sze-ba	N	24
sze-bi	N.3-SG-NH-POSS.ABS	17
sze-bi	N.3-SG-NH-POSS.ABS		1
sze-er-gu	N	1
szeg9-bar	PN.DAT-H	1
szeg9-bar-sze3	N.GEN.TERM	1
sze-gesz-i3	N	1
sze-gin2	N	1
sze-il2-la	MN.L1	2
sze-il2-la-sze3	MN.TERM	1
sze-kar-ra-gal2	MN.L1	1
sze-kar-ra-gal2-la	MN.L1	6
sze-kar-ra-gal2-la	MN.L1		1
sze-le2-pu-tum	PN	1
sze-li	N	2
szen-gam-bur	N.ABS	1
sze-numun	N	3
sze-numun	N.ABS	1
sze-numun-bi	N.3-SG-NH-POSS.ABS	3
szer7-ru-um	N	1
sze-sag11-ku5	MN	2
sze-sag11-ku5	MN.L1	15
sze-sag11-ku5-sze3	MN.TERM	6
sze-sag11-ku5-ta	MN.ABL	4
sze-sag-ku5	MN.L1	1
sze-sag-ku5-sze3	MN.TERM	1
sze-sag-ku5-ta	MN.ABL	1
szesz	N	2
szesz-a-ni	PN.GEN	1
szesz-a-ni-ta	PN.GEN.ABL	1
szesz-da-da	PN	1
szesz-kal-la	PN	7
szesz-kal-la	PN.DAT-H	2
szesz-kal-la	PN.ERG	3
szesz-kal-la	PN.GEN	3
szesz-kal-la	PN.GEN.DAT-H	1
szesz-kal-la-ta	PN.GEN.ABL	1
szesz-szesz	PN.GEN	1
sze-ta	N.ABL	4
szid-da	NF.V.PT	1
SZIM	N	5
szimaszgi	N	17
szimaszgi	N.ABS	6
szimaszgi2	N	1
szimaszgi2	N.ABS		3
szu	N	11
SZU	N	1
szu	N		1
szu	N.ABS	4
szu	N.L3-NH	58
szu-{d}en-lil2	PN	1
szu-{d}en-lil2	PN.DAT-H	1
szu-{d}en-lil2-la2	PN.DAT-H	1
szu-{d}iszkur	PN.GEN	1
szu-{d}ma-mi-tum	PN.DAT-H	1
szu-{d}suen	RN	1
szu-{d}suen-ka	RN.GEN	1
szu-{d}szul-gi	PN.DAT-H	1
szu-{d}utu	PN	1
szu-{d}utu-ta	PN.GEN.ABL	1
szu-ab-ba-ta	PN.GEN.ABL	1
szu-ad-mu	PN.DAT-H	1
szu-ba-x-gal2	PN	1
szu-du7-a	NF.V.PT.ABS	1
szu-du8-a-ni	N.3-SG-H-POSS	1
szu-e2-a	PN	1
szu-e-ne	PN.DAT-H	1
szu-er3-ra	PN.DAT-H	1
szu-er3-ra	PN.ERG	1
szu-esz18-dar	PN	1
szu-esz18-dar	PN.GEN	1
szu-esz5-sza	MN.L1	4
szu-esz-sza	MN.L1	2
szu-gar-gal	MN.L1	1
szu-gar-ra-ta	MN.ABL	1
szu-gid2	N	4
szu-gid2	N.ABS	4
szu-gu-...	PN.DAT-H	1
szu-i	N.GEN	2
szu-i2	N.GEN	1
szu-i3-li2	PN	1
szu-i3-li2	PN.GEN	1
szu-i3-li2-szu-ta	PN.GEN.ABL	1
szu-igi-du	N	1
szu-kab-ta-sze3	PN.GEN.TERM	1
szuku	N	23
szuku	N.ABS	1
szu-ku6	N	2
szu-ku6	N.GEN.GEN	1
szuku-bi	N.3-SG-NH-POSS.ABS	1
szu-ku-bu-um	PN	1
szuku-ra	N.GEN	4
szu-la2	NF.V.PT	1
szul-e2-du3-du3	PN	1
szul-e2-du3-du3	PN.GEN	1
szul-e2-du3-du3-e	PN.ERG	1
szul-gi	RN	2
szu-luh	N.ABS	1
szum2	N	69
szum2	N		4
szum2	N.ABS	7
szum2-ma	N.GEN	1
szu-ma-am3	PN	3
szu-ma-ma	PN	1
szu-ma-ma	PN.DAT-H	2
szu-ma-ma	PN.ERG	1
szu-ma-ma	PN.GEN.GEN	1
szu-na	FN	1
szu-na-ta	PN.GEN.ABL	1
szunigin	N	125
szu-nir	N	3
szu-nir	N.TERM	1
szu-nir-ru-ku	PN	1
szu-nu-kusz2	PN.GEN.GEN.DAT-H	1
szu-numun	MN.L1	5
szuruppak{ki}-me	SN.GEN.ABS.COP-3-PL	1
szu-sar	N.ABS	1
szusz3	N.ABS	1
szusz3	N.GEN	14
szusz3	N.GEN		1
szuszin{ki}-sze3	SN.TERM	3
szuszin{ki}-ta	SN.ABL	2
szu-szum2-ma	N.GEN	1
szu-szum2-ma	N.GEN.ABL	1
szu-szu-mu-dar	PN.TERM	1
szu-u3-a-ta	PN.GEN.GEN.ABL	2
szu-zu	PN.DAT-H	2
ta	N	1
ta2-hi-isz-a-tal	PN.GEN	1
ta2-hi-isz-a-tal-ta	PN.GEN.ABL	1
tab-ba	NF.V.PT	6
tab-be-li2	PN	1
tag-ga	NF.V.PT	2
tag-tag	NF.V.RDP.PT.ABS	1
tak4-a	NF.V.PT	1
tar-re	NF.V.F	1
te-na	NF.V.PT	1
ti-a	NF.V.PT	1
ti-bala-a-sze3	N.TERM	1
ti-la	NF.V.PT.TERM	1
til-la	NF.V.PT	2
til-la	NF.V.PT.ABS	1
tir	N.GEN	1
tir-ke4-ne-ta	N.GEN.PL.ABL	1
tir-sze3	N.GEN.GEN.TERM	1
titab2	N	1
ti-ti	PN.DAT-H	1
tu7	N	3
tu7	N.GEN.GEN	1
tu7-bi	N.3-SG-NH-POSS.ABS	1
tug2	N	37
tug2(E2)	N	1
tug2-ba-a	N	1
tug2-ba-ke4	N.GEN.ERG	1
tug2-ge	N.L3-NH	1
tug2-gur10	N.ABS	1
tug2-gur10	NF.V.PT	1
tug2-gurx(|SZE.KIN|)	NF.V.PT.GEN	1
tug2-mah	N	1
tuku	NF.V.PT	1
tukum-bi	CNJ	1
tul2	N.ABS	1
tul2-ta	PN.GEN.GEN	1
tul2-ta-pa3-da	PN	1
tum-ma-al	SN.GEN.L1	2
tum-malx(TUR3)-sze3	SN.TERM	1
tur	FN	1
tur	NF.V.ABS	1
tu-ra	NF.V.PT	1
tu-ra-am-i3-li2	PN.GEN	1
tur-tur-a	PN	1
tur-tur-a	PN.DAT-H	1
tur-tur-ra	PN.DAT-H	1
tusz-a	NF.V.PT	1
tusz-sza-me	NF.V.PT.ABS.COP-3-PL	1
u18-da-a-ta	PN.GEN.GEN.ABL	1
u2	N	27
u2	N.ABS	4
u2-bur-li	PN.DAT-H	1
u2-da	PN	1
u2-DISZ	PN.DAT-H	1
u2-du-{d}nin-a-ra-li	FN.GEN.TERM	1
u2-du-{d}nin-a-ra-li-ka	PN.GEN.GEN	1
u2-du-{d}nin-a-ra-li-sze3	FN.GEN.TERM	1
u2-du-mu-ul-li	FN.GEN.TERM	1
u2-na-ap-sze-en	PN.GEN.DAT-H	1
u2-ta2-mi-szar-ra-am	PN.GEN	1
u3	CNJ	48
u3	CNJ		1
u3-ma-ni	PN	2
u3-na-a-du11	ANT.3-SG-H.DAT.2-SG-A.V.3-SG-P	2
u3-sur	GN	1
u3-wa-ri-da	WN.L1	1
u4	N	202
u4	N		4
u4-da	N	1
u4-da	N.GEN.L1	1
u4-du8-a	N.L1	4
u4-sakar	N	1
u4-sakar	N.GEN	1
u4-sakar	N.GEN.TERM	2
u4-sakar	N.TERM	2
u4-te-na	N	1
u4-te-na	N.ABS	1
u4-tusz-a-me	N.L1.COP-3-PL	1
u5-bi2{muszen}-gu7	MN.L1	2
u5-bi2-gu7	MN.L1	5
u8	N	69
u8	N		1
u8	N.ABS	3
u8	N.ABS		1
u-bar	PN	3
u-bar-ta	PN.GEN.ABL	1
UD@g-bi	N.3-SG-NH-POSS.ABS	1
ud5	N	23
ud5	N.ABS	2
ud5	N.ABS		1
udu	N	267
udu	N		5
udu	N.ABS	16
udu	N.ABS		1
udu	N.GEN	1
udu	N.GEN.ABS	2
udu-...	N	3
udu-bi	N.3-SG-NH-POSS.ABS	1
udu-da	N.COM	1
udu-gi-ke4-ne	N.GEN.GEN.PL	1
udul2	N	2
udu-nita2	N	1
udu-nita2	N.ABS	1
udu-ta	N.ABL	1
ug3	N	1
ug3-IL2	N	4
ug3-IL2	N.GEN	1
ugu2	N	8
ugu2-a	N.L1	2
ugu2-a	N.L2-NH	1
ugu2-bi	N.3-SG-NH-POSS.ABS	1
ugu2-du6	PN.GEN	1
ugula	N	34
ugula	N.ABS	17
ugula-gesz2-da	PN.GEN.ERG	1
uku2-nu-ti-ta	FN.ABL	2
ul4-la-bi	NF.V.ABS	1
umma	SN.GEN	1
umma{ki}	SN.GEN.ABS	16
umma{ki}	SN.GEN.ABS		1
umma{ki}	SN.GEN.DAT-H	1
umma{ki}	SN.GEN.GEN	4
umma{ki}	SN.GEN.GEN.ABS	1
umma{ki}	SN.GEN.GEN.GEN	1
umma{ki}	SN.L1	1
umma{ki}-ka	SN.GEN.GEN	1
umma{ki}-ka	SN.GEN.GEN.ABS	4
umma{ki}-me	SN.GEN.ABS.COP-3-PL	1
umma{ki}-ta	SN.GEN.ABL	1
unu{ki}	SN.GEN.GEN.ABS	2
unu{ki}	SN.GEN.L1	2
unu{ki}-ga	SN.GEN.GEN.ABS	1
unu{ki}-ga	SN.GEN.L1	2
unu{ki}-ta	SN.ABL	1
u-pi5{ki}-sze3	SN.GEN.TERM	1
ur-...	PN	2
ur-...	PN.GEN	1
ur-{d}...	PN.DAT-H	1
ur-{d}...	PN.GEN	1
ur-{d}a-ba-ba	PN	1
ur-{d}asar-lu2-hi	PN.DAT-H	1
ur-{d}asznan	PN.DAT-H	1
ur-{d}ba-ba6	PN	6
ur-{d}ba-ba6	PN.ERG	1
ur-{d}ba-ba6	PN.GEN	1
ur-{d}ba-ba6-ta	PN.GEN.ABL	1
ur-{d}da-mu	PN	3
ur-{d}da-mu	PN.GEN	1
ur-{d}dumu-zi	PN.ERG	1
ur-{d}dumu-zi-da	PN	3
ur-{d}dumu-zi-da	PN.ABS	1
ur-{d}dumu-zi-da	PN.ERG	1
ur-{d}dumu-zi-da	PN.GEN.ABS	1
ur-{d}dumu-zi-da-ra	PN.DAT-H	1
ur-{d}en-ki	PN.DAT-H	1
ur-{d}en-lil2-la2	PN.DAT-H	3
ur-{d}en-lil2-la2	PN.GEN	1
ur-{d}en-lil2-la2	PN.GEN.L1	1
ur-{d}en-lil2-la2-ke4	PN.ERG	1
ur-{d}gesztin-an-ka	PN.ERG	1
ur-{d}gilgamesx(|BIL3.GA.MES|)	PN.DAT-H	1
ur-{d}ha-ia3	PN.GEN.ABS	1
ur-{d}ha-ia3-ta	PN.GEN.ABL	2
ur-{d}hendur-sag	PN	1
ur-{d}ig-alim	PN	2
ur-{d}ig-alim	PN.GEN	1
ur-{d}igi-zi-bar-ra	PN.GEN	1
ur-{d}iszkur	PN	1
ur-{d}iszkur	PN.DAT-H	1
ur-{d}iszkur	PN.GEN	1
ur-{d}iszkur	PN.GEN.ERG	1
ur-{d}isztaran	PN	1
ur-{d}isztaran	PN.ABS	1
ur-{d}isztaran	PN.GEN	1
ur-{d}isztaran	PN.GEN.ABS	1
ur-{d}isztaran-ta	PN.GEN.ABL	1
ur-{d}KA-x-ra-ta	PN.GEN.ABL	1
ur-{d}ku3-nun-na	PN	1
ur-{d}lamma	PN	7
ur-{d}lamma	PN.DAT-H	1
ur-{d}lamma	PN.ERG	1
ur-{d}lamma	PN.GEN.ABS	1
ur-{d}lamma-ke4	PN.ERG	1
ur-{d}lamma-ta	PN.GEN.ABL	2
ur-{d}lam-sag	PN.DAT-H	1
ur-{d}li9-si4	PN	11
ur-{d}li9-si4	PN.ERG	1
ur-{d}li9-si4-na	PN.DAT-H	1
ur-{d}lugal-banda3{da}	PN.GEN	1
ur-{d}ma-mi	PN	1
ur-{d}ma-mi	PN.DAT-H	2
ur-{d}ma-mi	PN.GEN.DAT-H	1
ur-{d}namma	RN	5
ur-{d}namma	RN.GEN	1
ur-{d}nansze	PN	2
ur-{d}nansze	PN.GEN	1
ur-{d}nansze-ka	PN.DAT-H	1
ur-{d}nansze-ta	PN.GEN.ABL	2
ur-{d}nerah	PN.ABS	1
ur-{d}nerah	PN.GEN.ABS	1
ur-{d}nin-gesz-zi-da-ta	PN.GEN.ABL	1
ur-{d}nin-lil2-la2	PN	1
ur-{d}nin-mug	PN.ABS	1
ur-{d}nin-mug-ga	PN	1
ur-{d}nin-tu	PN.GEN	1
ur-{d}nisaba	PN.GEN	1
ur-{d}nisaba	PN.GEN.L2-NH	1
ur-{d}nisaba-ta	PN.GEN.ABL	1
ur-{d}nu-musz-da	PN.GEN.DAT-H	1
ur-{d}nun-gal	PN		1
ur-{d}nun-gal	PN.ERG		1
ur-{d}nun-gal	PN.GEN	3
ur-{d}su4-an-na	PN.DAT-H	1
ur-{d}sud3-da	PN	1
ur-{d}sud3-da-me	PN.GEN.DAT-H	1
ur-{d}suen	PN	6
ur-{d}suen	PN.DAT-H	1
ur-{d}suen	PN.ERG	1
ur-{d}suen	PN.GEN.GEN	1
ur-{d}szakkan	PN.DAT-H	1
ur-{d}szara2	PN	5
ur-{d}szara2	PN.ERG	1
ur-{d}szara2	PN.GEN	4
ur-{d}szara2-ta	PN.GEN.ABL	1
ur-{d}sze-nam2-nun-tu	PN.DAT-H	1
ur-{d}szul-gi	PN.GEN.ABS	1
ur-{d}szul-pa-e3	PN	4
ur-{d}szul-pa-e3	PN.DAT-H	1
ur-{d}szul-pa-e3	PN.ERG	1
ur-{d}szul-pa-e3	PN.GEN	2
ur-{d}szul-pa-e3-ke4	PN.ERG	1
ur-{d}szul-pa-e3-ta	PN.GEN.ABL	1
ur-{d}szusz3-{d}ba-ba6-ta	PN.GEN.ABL	1
ur-{d}szu-zi-an-dul3	PN.DAT-H	1
ur-{d}utu	PN	4
ur-{d}utu-ta	PN.GEN.ABL	1
ur-{gesz}gigir	PN	4
ur-{gesz}gigir	PN.ERG	3
ur-{gesz}gigir	PN.GEN	2
ur-{u2}gug4	PN.GEN	1
ur2-ra-ni	PN.ERG	1
ur3	N	1
ur3-ke4	N.GEN.ERG	1
ur3-ra	NF.V.PT	1
ur3-ra	NF.V.PT.GEN	1
ur3-ra-ka	NF.V.ABS.GEN.GEN	1
ur4-sza3-ki-du10-ta	PN.GEN.ABL	1
ur5-ra	N	5
ur5-ra	N.GEN	1
ur5-sze3	N.TERM	1
ur-a-a	PN.GEN	1
ur-a-ba-...	PN.GEN	1
ur-ab-ba	PN	1
ur-ab-ba	PN.DAT-H	1
ur-ab-ba	PN.GEN	2
ur-ab-ba-saga	PN.DAT-H	2
ur-ab-ba-ta	PN.GEN.ABL	2
ur-abzu	PN	1
ur-ab-zu	PN	1
ur-am3-ma	PN	1
ur-am3-ma	PN.DAT-H	1
ur-am3-ma	PN.GEN	1
ur-am3-ma	PN.GEN.DAT-H	1
ur-am3-ma-ke4	PN.ERG	1
ur-ama-na	PN	1
ur-ba-a-ta	PN.GEN.ABL	1
ur-bad3-tibirx(KU)-ra	PN.ERG	1
ur-ba-gara2	PN	1
ur-ba-gara2-ke4	PN.GEN.ERG	1
ur-bi2-lum{ki}	SN.ABS	10
ur-bil3	PN.GEN	1
ur-bi-lum{ki}	SN.ABS	1
ur-da-gi4	PN.GEN	1
ur-dub-la2	PN	1
ur-dun	PN	1
ur-dun	PN.GEN	1
ur-e11-e	PN	4
ur-e11-e	PN.DAT-H	2
ur-e11-e	PN.GEN	4
ur-e11-e-ta	PN.GEN.ABL	1
ur-e2-an-na-ta	PN.GEN.ABL	1
ur-e2-babbar2-sze3	PN.GEN.TERM	1
ur-e2-gu-la	PN.DAT-H	1
ur-e2-mah	PN	2
ur-e2-mah	PN.DAT-H	1
ur-e2-masz	PN	1
ur-e2-nun-na	PN	2
ur-e2-nun-na-ta	PN.GEN.ABL	2
ur-ge6-par4	PN	1
ur-ge6-par4-ta	PN.GEN.ABL	1
ur-gu	PN	1
ur-gu2-edin-na	PN	1
uri5{ki}	SN.GEN	1
uri5{ki}-ma	SN.GEN	23
uri5{ki}-ma	SN.GEN		1
uri5{ki}-ma	SN.GEN.ABS	2
uri5{ki}-ma	SN.GEN.L1	6
uri5{ki}-ma	SN.L1	1
uri5{ki}-ma-ka-sze3	SN.GEN.GEN.TERM	1
uri5{ki}-ma-ke4	SN.GEN.ERG	17
uri5{ki}-sze3	SN.TERM	2
uri5-ma{ki}	SN.GEN.ERG	1
ur-i-sza-ta	PN.GEN.ABL	1
ur-ki-gu-la-me	PN.GEN	1
ur-ku3-nun-na	PN	1
ur-ku3-nun-na	PN.ERG	1
ur-ku3-nun-na-ta	PN.GEN.ABL	1
ur-kun	PN	1
ur-kun	PN.GEN	1
ur-KU-x	PN.DAT-H	1
ur-li	PN	1
ur-li	PN.DAT-H	1
ur-li-ta	GN.ABL	1
ur-lugal	PN	1
ur-mah-sze3	N.GEN.TERM	1
ur-ma-ma	PN.GEN	1
ur-me-me	PN.DAT-H	1
ur-me-me-ta	PN.GEN.ABL	1
ur-mes	PN	9
ur-mes-ta	PN.GEN.ABL	2
ur-mes-ta	PN.GEN.ABL		1
ur-mes-ta	PN.GEN.ABS	2
ur-nigar	PN.GEN		1
ur-nigar{gar}	PN	10
ur-nigar{gar}	PN		1
ur-nigar{gar}	PN.DAT-H	1
ur-nigar{gar}	PN.ERG	4
ur-nigar{gar}	PN.GEN	4
ur-nigar{gar}-ta	PN.GEN.ABL	1
ur-pa4-gara2	PN.DAT-H	1
ur-pu2-x	PN.DAT-H	1
ur-ru-ta	PN.GEN.ABL	2
ur-sa6-ga	PN.ERG	1
ur-sa6-ga	PN.GEN	1
ur-sa6-ga	PN.GEN.GEN	1
ur-saga-mu	PN	1
ur-saga-mu	PN.GEN.DAT-H	1
ur-sag-ku5	PN.GEN	1
ur-sila-luh-ta	PN.GEN.ABL	1
ur-tul2-mah	PN.GEN	1
ur-tur	PN	1
ur-tur	PN.ERG	1
ur-u3-ta	PN.GEN.ABL	1
uru4	NF.V.PT	1
uru4-a	NF.V.PT	4
uru4-sze3	NF.V.PT.TERM	1
uruda	N	5
uruda	N.GEN	1
urumx(|UR2xU2|){ki}	SN.GEN	1
ur-x-...	PN.GEN	1
ur-x-...	PN.GEN.ABL	1
ur-x-da	PN	1
ur-zigum-ma-ta	PN.GEN.ABL	1
ur-zu	PN.GEN	1
ur-zu	PN.GEN.DAT-H	2
us2	NF.V.ABS	20
us2	NF.V.ABS.ABS	7
us2	NF.V.ABS.TERM	1
us2-a	NF.V.PT	1
us2-ka-ta	NF.V.ABS.GEN.GEN.ABL	1
us2-ka-ta	NF.V.PT.GEN.GEN.ABL	1
us2-sa	NF.V.PT	51
us2-sa	NF.V.PT		1
us2-sa	NF.V.PT.L1	1
us2-sa-a-bi	NF.V.PT.3-SG-NH-POSS	1
us2-sa-bi	NF.V.PT.3-SG-NH-POSS	5
usz2	NF.V.ABS	1
usz-bar	N	3
usz-bar	N.GEN	3
usz-bar	N.GEN.ABS	1
usz-bar	N.GEN.DAT-H	2
usz-bar-e	N.ERG	1
usz-gid2-da	FN	1
usz-ki-...	PN.DAT-H	1
usz-mu	PN	1
usz-mu	PN.ERG	1
usz-mu-ta	PN.GEN.ABL	2
uzu	N	1
wa-ta2-ru-um	PN	2
x	N	2
x	N.DAT-H	1
x	NU	2
x	PN	1
x-...	PN	1
x-{d}x-x	PN.DAT-H	1
x{ki}	SN.TERM	1
x-dan-num2-ta	PN.GEN.ABL	1
x-kam	NU.GEN.COP-3-SG	4
x-kam	NU.GEN.COP-3-SG.TERM	1
x-lu2-x-x	PN	1
x-ma-ma-ta	PN.GEN.ABL	1
x-nita2	PN	1
x-x{ki}-me	SN.GEN.ABS.COP-3-PL	1
x-x-al-ta	PN.GEN.ABL	1
x-x-i3-li2	PN.DAT-H	2
x-x-x	PN	1
x-x-x	PN.GEN	1
za	N	1
za3-ge	PN	1
za3-mu	PN.GEN	1
za3-mu-ka	N.GEN	1
za-ab-sza-li{ki}	SN.GEN	1
za-ab-sza-li{ki}	SN.GEN.ABS	12
za-a-num2-ta	PN.GEN.ABL	1
zabar	N	5
zabar	N.ABS	1
zabar	NF.V.ABS.ABS	1
zabar-dab5	N	1
zabar-dab5	N.ABS	1
zabar-dab5	N.ERG	1
zabar-dab5	N.GEN	1
zadim	N	1
zah3	NF.V.PT	3
zah3	NF.V.PT.ABS	1
zal-la	NF.V.PT	1
zal-la-ta	NF.V.PT.ABL	2
zar3	N	6
za-ri-iq	PN.ERG	1
za-x-ku3-ga-ni	PN.GEN	1
ze2-a	NF.V.PT	1
ze2-na	N	1
zi2-na-na	PN.ERG	1
zi3	N	35
zi3	N.ABS	1
zi3	N.ABS		1
zi3-da	N.GEN	1
zi3-da	N.GEN.ABS	1
zi3-da-ka	N.GEN.GEN	1
zi3-gu	N	6
zi3-IL2	N	1
zi-da	NF.V.PT	1
zi-ga	N	13
zi-ga	NF.V.PT	30
zi-ga	NF.V.PT.ABS	1
zi-ga	NF.V.PT.GEN.ABS	1
zi-ga-am3	NF.V.PT.ABS.COP-3-SG	11
zi-re	NF.V.F	1
ziz2	N	6
zu2-lum	N	2
zu2-si	MN.L1	1
zu-al	PN.GEN.DAT-H	1
zu-ba-ga	PN.ERG	1
zu-ba-ga-ta	PN.GEN.ABL	1
zuh-a	NF.V.PT	1
zu-u2-zu	PN	1
zu-zu-a	PN.DAT-H	1
